股票代码,股票名称,行业,总市值(亿元),市盈率TTM,市净率,营收(亿元),净利润(亿元),净利率,近120日涨跌幅,近250日涨跌幅,距250日高点回撤,综合分,标记
688002,睿创微纳,半导体,40.86,47.69,7.48,52.52,5.69,0.1083,0.4480,1.0541,0.0000,46.40,
300373,扬杰科技,半导体,53.48,29.05,4.08,69.57,10.02,0.1441,0.4039,0.5486,-0.1430,46.40,
002472,双环传动,汽车零部件,64.66,33.51,4.17,85.05,10.24,0.1204,0.5281,0.6441,-0.0827,46.30,
301160,翔楼新材,汽车零部件,11.05,38.20,4.44,15.16,2.07,0.1365,0.2922,0.5818,-0.1575,46.30,
603809,豪能股份,汽车零部件,18.95,38.11,3.69,25.67,3.22,0.1254,0.0419,0.6793,-0.1594,46.30,
603239,浙江仙通,汽车零部件,10.24,28.25,4.55,14.07,1.72,0.1220,0.3728,0.5093,-0.0517,46.30,
300926,博俊科技,汽车零部件,40.75,16.88,4.31,54.40,6.13,0.1127,0.2464,0.5408,-0.0897,46.30,
603950,长源东谷,汽车零部件,16.48,25.74,3.25,22.97,2.30,0.1003,0.2092,0.8092,-0.2462,46.30,
300893,松原安全,汽车零部件,18.34,32.27,5.84,24.95,2.60,0.1044,0.3905,0.5837,-0.1604,46.30,
001311,多利科技,汽车零部件,27.09,38.99,2.17,38.14,4.25,0.1114,0.5702,0.5780,-0.0099,46.30,
002901,大博医疗,医疗器械,18.76,35.11,5.96,24.83,3.57,0.1437,0.3309,0.5853,-0.2339,46.10,
688513,苑东生物,化学制药,10.19,36.39,3.73,13.29,2.38,0.1793,0.4963,0.9672,-0.1435,45.80,
601089,福元医药,化学制药,25.21,23.33,3.17,34.19,4.89,0.1429,0.2854,0.5958,-0.2371,45.80,
688578,艾力斯,化学制药,37.33,22.10,7.33,47.57,14.30,0.3005,0.1519,0.7014,-0.1027,45.80,
603920,世运电路,电子元件,40.78,41.98,5.42,54.25,6.75,0.1244,0.6832,0.6252,-0.0160,45.60,
301280,珠城科技,电子元件,13.14,33.24,3.83,17.81,1.86,0.1043,0.3050,0.7009,-0.1163,45.60,
300726,宏达电子,电子元件,14.04,48.03,4.17,18.08,2.79,0.1545,0.4952,0.6245,-0.0955,45.60,
002484,江海股份,电子元件,41.17,36.11,4.20,53.86,6.55,0.1215,0.4270,0.8318,-0.1736,45.60,
001389,广合科技,电子元件,38.35,35.82,9.48,48.89,6.76,0.1383,0.3702,0.6256,-0.0461,45.60,
605058,澳弘电子,电子元件,10.06,30.56,2.50,13.56,1.41,0.1043,0.0933,0.5052,-0.1241,45.60,
300684,中石科技,消费电子,12.98,45.24,7.25,17.69,2.01,0.1139,1.0698,1.2589,-0.0425,45.50,
002947,恒铭达,消费电子,19.63,24.76,4.13,27.50,4.57,0.1661,0.5402,0.5451,-0.0663,45.50,
002611,东方精工,专用设备,33.89,34.24,4.27,48.61,5.01,0.1030,0.6138,0.7527,-0.1236,45.20,
002595,豪迈科技,专用设备,80.76,28.43,5.95,105.25,20.11,0.1911,0.4642,0.8842,-0.0390,45.20,
603757,大元泵业,通用设备,14.45,47.32,4.20,20.57,2.55,0.1241,1.1695,1.3907,-0.2008,45.00,
603699,纽威股份,通用设备,56.03,27.40,9.74,73.86,11.56,0.1565,0.7528,1.6230,-0.0532,45.00,
603915,国茂股份,通用设备,19.87,49.20,3.30,26.49,2.94,0.1108,0.3638,0.5870,-0.1206,45.00,
002255,海陆重工,电源设备,16.85,24.85,2.39,26.95,3.77,0.1400,0.4538,1.2408,-0.1420,44.80,
300693,盛弘股份,电源设备,22.16,33.14,6.22,31.57,4.29,0.1359,0.2970,0.6345,-0.2089,44.80,
002895,川恒股份,化学原料,58.04,17.37,3.02,77.36,9.56,0.1236,0.6151,0.7154,-0.0560,44.70,
603067,振华股份,化学原料,32.17,37.73,5.93,42.90,4.73,0.1102,0.9365,2.1614,-0.1268,44.70,
603080,新疆火炬,燃气,11.17,16.21,2.24,15.63,1.57,0.1004,0.3813,0.5324,-0.1078,44.00,
000893,亚钾国际,化肥行业,38.67,24.38,3.39,49.32,9.50,0.1927,0.5749,1.3272,-0.0029,44.00,
688127,蓝特光学,光学光电子,10.51,46.39,7.55,12.99,2.21,0.1698,0.5297,0.5230,-0.0003,44.00,
002545,东方铁塔,化肥行业,33.92,20.90,2.44,44.78,5.64,0.1260,1.1224,1.6691,0.0000,44.00,
301061,匠心家居,家电行业,25.11,23.80,5.17,32.10,6.83,0.2127,0.0854,1.2464,-0.1966,44.00,
300547,川环科技,橡胶制品,10.49,48.10,6.88,14.76,2.03,0.1373,0.3700,1.1377,-0.2498,44.00,
000408,藏格矿业,化肥行业,24.01,35.91,8.72,33.29,25.80,0.7751,1.0303,2.0231,-0.0169,44.00,
000672,上峰水泥,水泥建材,35.98,16.26,1.29,52.31,6.27,0.1199,0.4195,0.5959,-0.0134,44.00,
603087,甘李药业,生物制品,30.47,36.66,3.54,38.47,6.15,0.1598,0.2402,0.5034,-0.1590,44.00,
603979,金诚信,采掘行业,99.33,20.59,4.61,129.05,15.84,0.1227,0.6642,1.0383,-0.0534,44.00,
603379,三美股份,化学制品,44.29,17.44,4.86,54.29,7.79,0.1434,0.2614,0.7477,-0.0202,44.00,
688208,道通科技,计算机设备,34.96,25.14,7.29,46.25,6.41,0.1386,0.1542,0.6159,-0.1256,44.00,
605305,中际联合,风电设备,13.52,15.42,3.16,17.17,3.15,0.1834,0.5364,0.6099,-0.1210,44.00,
600301,华锡有色,小金属,41.38,36.77,5.39,53.54,6.58,0.1229,0.8914,1.1786,-0.0640,44.00,
301345,涛涛车业,交运设备,27.73,33.83,8.01,35.29,4.31,0.1222,0.8653,3.2802,-0.0070,44.00,
002517,恺英网络,游戏,40.75,22.34,4.62,52.66,16.28,0.3093,0.1646,0.5977,-0.2386,44.00,
001206,依依股份,美容护理,13.06,26.98,3.01,17.88,2.15,0.1203,0.4851,0.8729,-0.1251,44.00,
600329,达仁堂,中药,36.70,12.39,3.95,53.66,22.29,0.4155,0.4215,0.5093,-0.0775,44.00,
000426,兴业银锡,有色金属,40.99,35.83,7.12,50.73,15.30,0.3015,1.1665,1.8898,-0.0291,44.00,
600988,赤峰黄金,贵金属,86.44,21.91,4.80,114.47,17.64,0.1541,0.3108,0.9719,-0.0519,44.00,
605099,共创草坪,家用轻工,24.74,20.58,4.71,31.67,5.11,0.1614,-0.0607,0.6107,-0.2193,44.00,
002961,瑞达期货,多元金融,16.21,25.63,3.93,17.63,3.83,0.2171,0.4378,0.9924,-0.0578,44.00,
601020,华钰矿业,有色金属,14.59,20.86,5.21,21.47,2.53,0.1180,0.4215,0.9985,-0.1899,44.00,
603063,禾望电气,风电设备,27.78,34.48,3.05,42.00,4.41,0.1049,0.0517,0.7238,-0.1667,44.00,
300285,国瓷材料,化学制品,32.84,41.56,3.87,43.64,6.05,0.1386,0.6047,0.5376,-0.0473,44.00,
000603,盛达资源,有色金属,16.52,49.11,6.42,22.69,3.90,0.1719,1.0265,1.4575,-0.0371,44.00,
603091,众鑫股份,家用轻工,10.56,30.65,3.82,14.54,3.24,0.2228,0.1529,0.8240,-0.0739,44.00,
002478,常宝股份,钢铁行业,42.84,14.77,1.31,57.56,6.34,0.1102,0.5743,0.7092,-0.0551,44.00,
002558,巨人网络,游戏,33.68,44.98,5.60,40.73,14.25,0.3499,0.8126,2.3811,-0.0655,44.00,
605338,巴比食品,食品饮料,13.56,25.42,3.01,18.17,2.77,0.1522,0.5111,0.6039,-0.1125,44.00,
605117,德业股份,光伏设备,88.46,25.06,8.23,120.37,29.60,0.2459,0.7065,0.4817,-0.0630,43.50,
300316,晶盛机电,光伏设备,82.73,40.92,2.82,113.72,25.10,0.2207,0.4028,0.1720,-0.2107,43.50,
002150,通润装备,光伏设备,25.90,40.31,3.63,35.21,2.17,0.0617,0.7081,0.6236,-0.1336,43.50,
688516,奥特维,光伏设备,46.72,27.90,3.99,69.31,12.73,0.1837,0.4411,0.1186,-0.0966,43.50,
688099,晶晨股份,半导体,50.71,39.86,5.17,63.57,8.22,0.1293,0.2597,0.1237,-0.2190,43.40,
603290,斯达半导,半导体,29.90,45.91,3.38,39.66,5.08,0.1280,0.2173,0.0136,-0.1601,43.40,
002049,紫光国微,半导体,49.04,39.77,5.10,61.53,11.79,0.1917,0.2175,0.1974,-0.1506,43.40,
000700,模塑科技,汽车零部件,51.07,25.50,3.43,69.94,6.26,0.0895,0.8694,0.9318,0.0000,43.30,
603730,岱美股份,汽车零部件,47.94,31.56,4.10,63.68,8.02,0.1260,0.5443,0.2697,0.0000,43.30,
300680,隆盛科技,汽车零部件,18.10,45.70,6.47,25.64,2.24,0.0875,0.6120,1.3001,-0.1495,43.30,
003033,征和工业,汽车零部件,13.90,35.37,4.62,19.04,1.31,0.0688,0.8897,1.7969,-0.1153,43.30,
600933,爱柯迪,汽车零部件,53.10,17.15,2.19,70.82,9.40,0.1327,0.2713,0.2576,-0.1676,43.30,
002536,飞龙股份,汽车零部件,32.37,48.20,5.33,44.65,3.30,0.0738,1.1560,1.7055,-0.0444,43.30,
603596,伯特利,汽车零部件,83.57,26.88,4.37,117.16,12.09,0.1032,0.0742,0.1149,-0.1960,43.30,
300611,美力科技,汽车零部件,14.13,37.71,4.78,18.91,1.07,0.0564,0.2692,1.4996,-0.2092,43.30,
300304,云意电气,汽车零部件,16.66,23.16,3.05,22.55,4.01,0.1779,0.5638,0.4173,-0.2213,43.30,
603166,福达股份,汽车零部件,14.13,35.12,4.05,19.51,1.85,0.0950,0.1030,1.2845,-0.2374,43.30,
002662,峰璟股份,汽车零部件,21.44,22.37,1.38,28.64,3.54,0.1236,0.1739,0.0574,-0.0403,43.30,
000581,威孚高科,汽车零部件,84.99,13.01,1.00,114.49,16.60,0.1450,0.1012,0.1969,-0.2302,43.30,
002448,中原内配,汽车零部件,28.67,17.52,2.04,37.13,2.04,0.0549,0.5442,1.0605,-0.0152,43.30,
603788,宁波高发,汽车零部件,11.50,17.54,1.76,15.28,1.91,0.1247,0.0515,0.1990,-0.2187,43.30,
605319,无锡振华,汽车零部件,19.96,17.54,2.87,27.97,3.78,0.1351,-0.0828,0.3948,-0.2148,43.30,
603013,亚普股份,汽车零部件,66.16,22.60,2.79,90.19,5.00,0.0555,0.3276,0.6068,-0.1530,43.30,
605005,合兴股份,汽车零部件,13.51,38.33,3.82,18.48,2.66,0.1438,0.0776,0.1940,-0.1892,43.30,
601001,晋控煤业,煤炭行业,93.25,13.21,1.20,131.24,28.08,0.2140,0.1381,0.0517,-0.1890,43.20,
002223,鱼跃医疗,医疗器械,65.45,19.60,2.88,80.83,18.06,0.2234,0.1137,0.0864,-0.0464,43.10,
300453,三鑫医疗,医疗器械,11.68,18.33,3.27,15.86,2.27,0.1434,0.0561,0.1291,-0.2127,43.10,
603309,维力医疗,医疗器械,11.91,15.50,2.11,16.40,2.19,0.1338,0.0519,0.1318,-0.0977,43.10,
688029,南微医学,医疗器械,23.81,22.77,3.80,31.24,5.53,0.1771,0.1744,0.2137,-0.1799,43.10,
688161,威高骨科,医疗器械,11.06,40.41,2.74,14.76,2.24,0.1516,0.0763,0.0754,-0.2354,43.10,
688301,奕瑞科技,医疗器械,15.49,34.48,3.71,20.24,4.65,0.2298,0.1637,0.4512,-0.1763,43.10,
002950,奥美医疗,医疗器械,25.97,14.86,1.85,34.73,3.69,0.1062,0.2469,0.2426,-0.1907,43.10,
300677,英科医疗,医疗器械,74.25,20.84,1.41,98.50,14.65,0.1488,0.5427,0.4753,-0.1385,43.10,
300627,华测导航,通信设备,26.18,40.76,6.68,36.02,5.83,0.1620,-0.0009,0.2003,-0.1158,43.00,
688100,威胜信息,通信设备,21.12,30.10,5.70,29.16,6.31,0.2163,0.0883,0.0711,-0.0232,43.00,
603919,金徽酒,酿酒行业,23.06,24.33,3.09,29.99,3.88,0.1294,0.1538,0.0642,-0.0956,42.90,
600059,古越龙山,酿酒行业,11.86,46.53,1.44,18.32,2.06,0.1122,-0.1299,0.0166,-0.1933,42.90,
002461,珠江啤酒,酿酒行业,50.73,16.37,1.86,59.17,8.10,0.1369,-0.1635,0.0032,-0.2299,42.90,
605507,国邦医药,化学制药,44.70,15.42,1.67,59.43,7.82,0.1315,0.2124,0.2404,0.0000,42.80,
605116,奥锐特,化学制药,12.37,21.84,4.08,16.24,3.55,0.2184,0.1851,0.2384,0.0000,42.80,
002393,力生制药,化学制药,10.07,11.39,1.13,13.20,1.85,0.1398,0.1304,0.3076,-0.2055,42.80,
688131,皓元医药,化学制药,20.59,48.76,5.10,27.10,2.02,0.0744,0.4105,0.9776,-0.1792,42.80,
300573,兴齐眼药,化学制药,19.04,21.36,9.09,24.08,3.38,0.1404,0.3599,0.2809,-0.1692,42.80,
000915,华特达因,化学制药,16.03,14.21,2.71,23.59,5.16,0.2186,0.0233,0.4537,-0.0730,42.80,
002399,海普瑞,化学制药,41.94,23.48,1.40,54.06,6.47,0.1196,0.0000,0.0736,-0.1491,42.80,
000623,吉林敖东,化学制药,16.40,7.78,0.77,23.41,15.51,0.6626,0.1791,0.1186,-0.1008,42.80,
002437,誉衡药业,化学制药,16.65,21.08,3.18,22.48,2.33,0.1035,0.0550,0.1455,-0.2401,42.80,
688799,华纳药厂,化学制药,10.86,22.70,3.15,14.29,1.64,0.1149,-0.0209,0.6487,-0.2722,42.80,
603351,威尔药业,化学制药,10.18,22.86,1.98,13.15,1.46,0.1114,-0.1292,0.0970,-0.2106,42.80,
603456,九洲药业,化学制药,41.60,16.11,1.83,53.56,6.06,0.1132,0.2048,0.2956,-0.1742,42.80,
002020,京新药业,化学制药,30.48,21.20,2.88,39.98,7.12,0.1781,0.2719,0.4708,-0.1262,42.80,
300037,新宙邦,电池,66.16,39.39,3.86,87.96,9.42,0.1071,0.5830,0.4169,-0.1906,42.70,
688006,杭可科技,电池,27.21,35.05,3.29,30.31,3.26,0.1077,0.5702,0.5628,-0.2776,42.70,
688155,先惠技术,电池,19.37,28.06,3.57,25.58,2.23,0.0872,0.2428,0.5501,-0.2276,42.70,
002245,蔚蓝锂芯,电池,58.14,30.10,2.78,77.32,4.88,0.0631,0.3212,0.7586,-0.1678,42.70,
002913,奥士康,电子元件,40.32,36.78,3.14,52.90,3.53,0.0668,0.2804,0.7384,-0.0198,42.60,
300408,三环集团,电子元件,65.08,33.97,4.22,85.03,21.90,0.2576,0.4586,0.2214,-0.1411,42.60,
002138,顺络电子,电子元件,50.32,28.72,4.52,67.34,8.32,0.1236,0.3076,0.1430,-0.1305,42.60,
603328,依顿电子,电子元件,30.53,22.77,2.64,39.40,4.37,0.1110,0.1459,0.1459,-0.0972,42.60,
000733,振华科技,电子元件,39.26,34.75,1.89,54.06,9.70,0.1795,0.0838,0.1895,-0.1845,42.60,
002937,兴瑞科技,消费电子,13.28,45.68,4.73,17.52,2.29,0.1304,0.5028,0.3542,0.0000,42.50,
003028,振邦智能,消费电子,10.40,42.56,2.45,13.82,2.03,0.1471,-0.0139,0.0698,-0.1988,42.50,
603380,易德龙,消费电子,17.23,26.94,4.13,23.32,1.84,0.0790,0.4958,0.7296,-0.2411,42.50,
301606,绿联科技,消费电子,63.64,38.73,7.67,82.28,4.62,0.0562,0.2380,0.5610,-0.2037,42.50,
688188,柏楚电子,软件开发,16.20,32.85,6.80,20.54,8.83,0.4297,0.0686,0.0796,-0.1209,42.40,
603859,能科科技,软件开发,10.89,44.70,3.23,15.62,1.92,0.1227,0.2570,0.2457,-0.2416,42.40,
000997,新 大 陆,互联网服务,62.44,23.04,3.93,84.16,10.10,0.1199,-0.1535,0.3660,-0.1642,42.30,
002315,焦点科技,互联网服务,14.09,25.32,5.37,18.65,4.51,0.2419,-0.0500,0.0007,-0.2146,42.30,
300674,宇信科技,互联网服务,21.86,44.26,3.72,37.94,3.80,0.1001,-0.2095,0.1064,-0.2390,42.30,
002380,科远智慧,互联网服务,13.53,22.65,2.69,18.73,2.52,0.1345,0.1229,0.4012,-0.1247,42.30,
605167,利柏特,专用设备,19.83,28.58,3.43,28.85,2.40,0.0834,0.3130,0.5145,0.0000,42.20,
002698,博实股份,专用设备,21.42,30.72,4.39,28.40,5.24,0.1846,0.1107,0.0155,-0.1873,42.20,
603416,信捷电气,专用设备,13.82,36.57,3.33,18.80,2.29,0.1216,0.0472,0.4266,-0.1567,42.20,
605286,同力天启,专用设备,19.53,26.87,3.25,22.08,2.46,0.1116,0.0954,0.2850,-0.1221,42.20,
603025,大豪科技,专用设备,22.28,25.29,7.77,28.43,5.84,0.2055,0.3338,0.1651,-0.1177,42.20,
300415,伊之密,专用设备,43.06,16.38,3.95,56.95,6.08,0.1067,0.3085,0.2724,-0.0928,42.20,
688789,宏华数科,专用设备,16.32,28.17,4.18,21.57,4.14,0.1921,0.1698,0.2117,-0.0478,42.20,
002690,美亚光电,专用设备,16.94,26.86,6.82,24.27,6.49,0.2675,0.2787,0.4862,-0.0423,42.20,
603855,华荣股份,专用设备,23.14,16.42,3.13,38.29,4.62,0.1207,-0.0800,0.0452,-0.2191,42.20,
603966,法兰泰克,专用设备,18.60,20.81,2.35,25.72,1.67,0.0649,0.3063,0.5276,-0.0747,42.20,
601177,杭齿前进,通用设备,17.30,25.94,2.57,23.89,2.41,0.1008,-0.0079,1.0207,-0.2647,42.00,
301603,乔锋智能,通用设备,18.71,25.18,3.99,24.37,2.05,0.0842,0.5712,0.7306,-0.0920,42.00,
301029,怡合达,通用设备,21.97,30.70,4.02,28.44,4.04,0.1422,0.2375,0.0454,-0.1841,42.00,
688697,纽威数控,通用设备,20.70,25.82,4.06,26.98,3.25,0.1205,0.2057,0.3018,-0.1054,42.00,
688557,兰剑智能,通用设备,11.31,30.28,3.08,15.05,1.12,0.0745,0.2034,0.8739,-0.1331,42.00,
688360,德马科技,通用设备,12.16,39.99,3.98,15.55,0.93,0.0595,0.1878,0.7398,-0.1578,42.00,
600114,东睦股份,通用设备,44.17,35.18,6.01,59.49,3.97,0.0667,0.5182,0.7802,-0.1153,42.00,
001380,华纬科技,通用设备,14.12,22.77,3.35,20.38,2.26,0.1111,0.1380,0.4513,-0.2190,42.00,
000811,冰轮环境,通用设备,48.35,32.62,3.03,65.14,6.28,0.0964,0.6977,1.1514,0.0000,42.00,
002438,江苏神通,通用设备,16.38,25.63,2.18,21.47,2.95,0.1374,0.2338,0.3183,-0.0211,42.00,
603173,福斯达,通用设备,21.41,15.03,3.65,29.06,2.61,0.0899,0.1826,0.8517,-0.1985,42.00,
605259,绿田机械,通用设备,18.77,14.33,2.13,25.56,1.86,0.0728,0.1286,0.5102,-0.2469,42.00,
002884,凌霄泵业,通用设备,12.70,13.55,2.75,16.95,4.42,0.2610,0.1157,0.0417,-0.0348,42.00,
002026,山东威达,通用设备,14.39,21.74,1.76,20.45,3.00,0.1467,0.3080,0.4171,-0.0831,42.00,
603969,银龙股份,通用设备,24.43,23.64,3.23,32.94,2.37,0.0718,0.3440,0.5614,-0.0806,42.00,
002158,汉钟精机,通用设备,22.65,25.75,3.09,30.83,8.63,0.2798,0.4363,0.3471,-0.1249,42.00,
603277,银都股份,通用设备,21.41,16.80,3.67,28.01,5.41,0.1932,0.0965,0.0730,-0.1437,42.00,
300257,开山股份,通用设备,34.41,34.75,2.13,45.66,3.20,0.0702,0.3595,0.5117,-0.1832,42.00,
002282,博深股份,通用设备,12.74,18.53,1.06,17.08,1.92,0.1123,-0.0369,0.0458,-0.1392,42.00,
601369,陕鼓动力,通用设备,71.86,21.25,1.99,101.73,10.42,0.1024,0.1857,0.2393,-0.0452,42.00,
603187,海容冷链,通用设备,24.30,14.95,1.42,31.51,3.54,0.1122,0.2799,0.3901,-0.0343,42.00,
605123,派克新材,通用设备,26.81,39.03,2.68,34.12,2.64,0.0773,0.2994,0.7958,-0.0773,42.00,
001216,华瓷股份,装修建材,11.33,17.35,2.42,14.90,2.05,0.1376,0.2784,0.3282,-0.2342,41.90,
603610,麒盛科技,装修建材,22.24,35.30,2.19,29.60,1.56,0.0527,0.5909,0.5348,-0.0858,41.90,
002518,科士达,电源设备,36.09,48.22,6.16,48.56,3.94,0.0812,1.2076,1.5601,-0.0815,41.80,
000683,博源化工,化学原料,86.56,19.79,1.93,115.48,18.11,0.1568,0.5611,0.4015,0.0000,41.70,
603062,麦加芯彩,化学原料,13.49,22.99,2.48,20.94,2.11,0.1007,-0.0068,0.3752,-0.1671,41.70,
600618,氯碱化工,化学原料,56.87,17.07,1.54,78.63,7.87,0.1001,0.2789,0.1870,-0.1513,41.70,
002125,湘潭电化,化学原料,14.02,43.27,2.97,19.31,3.15,0.1631,0.0278,0.3439,-0.1202,41.70,
301031,中熔电气,电网设备,14.34,34.44,7.90,18.89,1.87,0.0990,0.4717,0.5656,-0.0946,41.60,
300360,炬华科技,电网设备,12.50,14.24,2.16,17.33,6.65,0.3836,0.1280,0.1083,-0.0781,41.60,
002452,长高电新,电网设备,12.02,18.87,1.98,18.31,2.52,0.1377,0.1610,0.0931,-0.0795,41.60,
603606,东方电缆,电网设备,74.98,34.69,5.51,98.92,10.08,0.1019,0.2201,0.1348,-0.1520,41.60,
603530,神马电力,电网设备,11.63,48.06,10.87,16.13,3.11,0.1927,0.4920,0.6221,-0.2074,41.60,
601126,四方股份,电网设备,61.32,27.04,5.37,79.89,7.16,0.0896,0.8240,0.8539,-0.0784,41.60,
002706,良信股份,电网设备,35.07,29.52,2.94,46.20,3.12,0.0676,0.1779,0.5585,-0.1775,41.60,
688663,新风光,电网设备,12.17,49.17,3.98,18.31,1.74,0.0952,0.4087,0.8178,-0.1803,41.60,
002270,华明装备,电网设备,18.15,29.26,7.57,24.39,6.14,0.2519,0.5402,0.4991,-0.0968,41.60,
603192,汇得科技,化学制品,18.91,40.10,2.55,24.64,1.25,0.0506,0.3709,0.8565,-0.1966,41.00,
301187,欧圣电气,家电行业,14.54,40.45,4.64,19.12,2.53,0.1326,-0.0340,0.3426,-0.2325,41.00,
002083,孚日股份,纺织服装,38.41,28.88,2.49,51.68,3.48,0.0673,1.4571,1.4571,-0.0535,41.00,
600236,桂冠电力,电力行业,73.35,18.55,3.36,95.80,22.83,0.2384,0.1500,0.1500,0.0000,41.00,
002249,大洋电机,电机,91.80,24.05,2.76,124.50,8.88,0.0713,0.7194,1.0537,-0.1624,41.00,
301196,唯科科技,塑料制品,16.80,35.09,3.14,21.60,2.20,0.1020,0.2886,1.4578,-0.2742,41.00,
002029,七 匹 狼,纺织服装,20.25,15.02,1.18,29.71,2.85,0.0958,0.6508,0.7229,-0.0483,41.00,
600486,扬农化工,农药兽药,91.56,20.31,2.54,115.75,12.02,0.1038,0.2153,0.3490,-0.0832,41.00,
000612,焦作万方,有色金属,49.82,10.95,1.89,66.58,5.89,0.0884,0.4310,0.6652,-0.0272,41.00,
603355,莱克电气,家电行业,73.13,22.01,3.34,98.31,12.30,0.1252,0.4017,0.3882,-0.1120,41.00,
688550,瑞联新材,电子化学品,13.01,20.93,2.42,16.67,2.52,0.1510,0.0117,0.4324,-0.1382,41.00,
002318,久立特材,钢铁行业,97.47,16.24,3.35,135.22,14.90,0.1102,0.1923,0.2366,-0.0053,41.00,
002756,永兴材料,钢铁行业,55.47,41.28,2.34,73.90,10.43,0.1412,0.6865,0.3453,-0.0357,41.00,
301608,博实结,计算机设备,12.72,32.36,3.68,16.28,1.76,0.1079,0.0902,0.2369,-0.2268,41.00,
300201,海伦哲,工程机械,12.90,27.93,3.89,18.80,2.24,0.1190,0.2100,0.1263,-0.0106,41.00,
605296,神农集团,农牧饲渔,39.23,25.11,2.96,54.30,6.87,0.1265,-0.0445,0.0265,-0.1660,41.00,
001301,尚太科技,非金属材料,55.06,23.76,3.33,71.15,8.38,0.1178,0.7903,0.3354,-0.2044,41.00,
002130,沃尔核材,非金属材料,60.82,30.77,5.46,81.88,8.48,0.1035,0.1329,0.1554,-0.2173,41.00,
002801,微光股份,电机,11.05,21.07,4.44,14.96,2.21,0.1475,0.0717,0.4318,-0.1169,41.00,
000923,河钢资源,钢铁行业,43.03,19.12,1.33,52.34,5.66,0.1082,0.4936,0.4904,-0.0085,41.00,
603619,中曼石油,采掘行业,29.85,17.97,2.50,40.68,7.26,0.1784,0.2395,0.2362,-0.0951,41.00,
002394,联发股份,纺织服装,29.74,14.20,1.15,35.59,2.02,0.0566,0.8335,0.9820,-0.0728,41.00,
603998,方盛制药,中药,12.53,13.86,2.96,16.83,2.55,0.1517,0.1156,0.0773,-0.1322,41.00,
002632,道明光学,塑料制品,11.02,32.51,3.63,15.16,1.70,0.1121,0.3937,0.2688,-0.2476,41.00,
300867,圣元环保,环保行业,11.50,18.40,1.34,15.74,1.82,0.1157,-0.0185,0.4196,-0.2285,41.00,
001207,联科科技,橡胶制品,17.88,17.73,2.31,24.08,2.72,0.1130,0.0808,0.3204,-0.0538,41.00,
603075,热威股份,家电行业,15.46,26.78,4.20,20.56,3.00,0.1458,0.0881,0.1779,-0.1521,41.00,
002233,塔牌集团,水泥建材,29.16,13.77,0.90,42.63,5.38,0.1262,0.1753,0.2819,-0.0660,41.00,
002027,分众传媒,文化传媒,96.07,18.62,6.39,126.07,51.55,0.4089,0.0028,0.1147,-0.1474,41.00,
300790,宇瞳光学,光学光电子,23.62,44.32,4.28,31.12,1.84,0.0590,0.5048,0.5187,-0.1625,41.00,
002970,锐明技术,计算机设备,16.93,24.31,4.61,25.52,2.90,0.1136,-0.0043,0.0919,-0.1532,41.00,
600621,华鑫股份,证券,20.20,24.32,1.83,28.11,3.65,0.1300,0.0300,0.0006,-0.1676,41.00,
600352,浙江龙盛,化学制品,96.71,18.81,1.03,149.45,20.30,0.1359,0.1024,0.0759,-0.0410,41.00,
000685,中山公用,公用事业,31.43,10.34,0.93,54.40,11.99,0.2204,0.2762,0.3057,-0.2150,41.00,
002273,水晶光电,光学光电子,51.23,26.50,3.62,66.91,10.30,0.1539,0.2856,0.1278,-0.1189,41.00,
603217,元利科技,化学制品,16.54,26.43,1.60,21.56,2.07,0.0961,0.4506,0.5206,-0.1003,41.00,
603638,艾迪精密,工程机械,23.74,37.67,4.61,30.61,3.44,0.1124,0.1176,0.1527,-0.1582,41.00,
002487,大金重工,风电设备,45.95,28.65,4.21,60.69,4.74,0.0781,0.6249,1.4104,-0.0868,41.00,
601665,齐鲁银行,银行,99.24,6.57,0.72,129.35,49.86,0.3855,-0.1146,0.1235,-0.1532,41.00,
600033,福建高速,铁路公路,22.98,10.80,0.96,30.55,7.81,0.2555,0.2141,0.1744,-0.1077,41.00,
603568,伟明环保,环保行业,58.80,15.11,2.90,70.06,27.04,0.3860,0.3085,0.2120,-0.0137,41.00,
688019,安集科技,电子化学品,18.12,44.93,10.97,23.35,5.34,0.2286,0.4198,0.9910,-0.0695,41.00,
603165,荣晟环保,造纸印刷,16.09,14.75,1.66,21.82,2.86,0.1312,0.1447,0.1426,-0.1363,41.00,
600598,北大荒,农牧饲渔,41.08,14.83,3.27,50.89,10.87,0.2136,0.0279,0.0919,-0.1812,41.00,
601108,财通证券,证券,50.63,15.06,1.11,69.07,23.40,0.3387,0.1427,0.0863,0.0000,41.00,
600757,长江传媒,文化传媒,50.62,9.25,1.07,69.15,9.45,0.1367,-0.1182,0.0139,-0.1217,41.00,
002170,芭田股份,化肥行业,38.09,12.82,3.20,46.88,4.09,0.0873,0.1630,0.5316,-0.1055,41.00,
601377,兴业证券,证券,92.77,19.35,1.16,150.02,21.64,0.1442,0.2405,0.2126,-0.0157,41.00,
300012,华测检测,专业服务,47.02,20.95,3.00,63.90,9.21,0.1441,0.1661,0.0564,-0.0855,41.00,
601033,永兴股份,环保行业,32.50,13.58,1.26,42.20,8.21,0.1944,-0.0602,0.0799,-0.1145,41.00,
603888,新华网,文化传媒,13.06,47.73,3.52,22.37,2.34,0.1046,0.0661,0.0047,-0.0999,41.00,
300910,瑞丰新材,化学制品,25.51,22.10,4.62,34.08,7.22,0.2120,0.0051,0.3319,-0.1150,41.00,
301305,朗坤科技,环保行业,13.86,16.33,1.44,17.93,2.16,0.1202,0.2452,0.2894,-0.1366,41.00,
603886,元祖股份,食品饮料,15.48,18.51,2.08,19.60,2.49,0.1269,0.0251,0.0045,-0.0554,41.00,
601890,亚星锚链,船舶制造,15.44,35.42,2.69,20.66,2.82,0.1365,0.0390,0.2855,-0.1111,41.00,
600888,新疆众和,有色金属,59.57,16.31,1.02,77.74,12.03,0.1548,0.1965,0.1610,-0.0722,41.00,
300596,利安隆,塑料制品,45.09,18.80,2.06,59.31,4.26,0.0719,0.5005,0.5522,-0.0266,41.00,
600109,国金证券,证券,61.52,15.30,0.99,85.25,16.70,0.1959,0.0722,0.0458,-0.1103,41.00,
688190,云路股份,小金属,14.58,35.98,4.47,19.70,3.61,0.1832,0.1238,0.1590,-0.2129,41.00,
600273,嘉化能源,化学制品,77.31,10.43,1.14,98.13,10.08,0.1027,-0.0266,0.1078,-0.0767,41.00,
603587,地素时尚,纺织服装,15.45,20.11,1.76,21.51,3.04,0.1411,0.0827,0.0570,-0.0430,41.00,
603235,天新药业,食品饮料,16.31,19.20,2.46,22.26,6.51,0.2926,-0.0420,0.0462,-0.0979,41.00,
000686,东北证券,证券,38.61,15.57,1.11,75.85,8.74,0.1152,0.2513,0.1665,-0.0930,41.00,
300770,新媒股份,文化传媒,12.36,14.61,2.91,16.41,6.58,0.4009,0.0962,0.0696,-0.1060,41.00,
688257,新锐股份,有色金属,17.89,40.02,3.81,22.97,1.81,0.0787,1.4830,1.7990,0.0000,41.00,
600908,无锡银行,银行,37.65,5.33,0.58,48.66,22.52,0.4628,-0.0661,0.0782,-0.0792,41.00,
600909,华安证券,证券,44.23,12.63,1.36,63.23,14.86,0.2349,0.1670,0.1188,-0.0102,41.00,
000783,长江证券,证券,84.86,10.07,1.27,104.78,18.35,0.1751,0.1767,0.2009,-0.1000,41.00,
603057,紫燕食品,食品饮料,25.14,31.79,4.10,31.90,3.46,0.1086,-0.0578,0.1888,-0.2361,41.00,
603558,健盛集团,纺织服装,18.86,9.39,1.61,25.36,3.25,0.1281,0.2437,0.1569,-0.1153,41.00,
603948,建业股份,化学制品,15.64,18.41,2.06,21.80,2.09,0.0959,0.1869,0.5729,-0.2191,41.00,
603650,彤程新材,橡胶制品,25.23,41.57,6.90,33.69,5.17,0.1534,0.3996,0.2780,-0.0984,41.00,
603156,养元饮品,食品饮料,39.05,22.08,3.67,57.34,17.22,0.3003,0.2801,0.2671,-0.2406,41.00,
603027,千禾味业,食品饮料,19.87,37.66,3.95,27.72,5.14,0.1855,0.1671,0.0460,-0.0307,41.00,
002966,苏州银行,银行,94.77,6.19,0.74,124.12,50.68,0.4083,-0.0862,0.1056,-0.0991,41.00,
300009,安科生物,生物制品,19.63,21.88,3.86,25.77,7.07,0.2743,0.0994,0.1019,-0.2179,41.00,
002807,江阴银行,银行,32.04,6.61,0.60,41.48,20.37,0.4910,-0.0478,0.1566,-0.1072,41.00,
002939,长城证券,证券,41.21,16.17,1.32,52.91,15.80,0.2985,0.2524,0.2494,-0.2467,41.00,
000885,城发环境,环保行业,48.88,7.23,0.96,67.80,11.41,0.1684,-0.0101,0.0761,-0.1399,41.00,
300181,佐力药业,中药,22.80,16.91,3.69,28.13,5.08,0.1805,-0.1282,0.0595,-0.2017,41.00,
000155,川能动力,电力行业,20.95,46.86,2.10,28.73,7.27,0.2530,0.1843,0.0217,-0.1630,41.00,
000828,东莞控股,铁路公路,11.84,10.06,1.10,15.62,9.55,0.6115,0.0047,0.0385,-0.1164,41.00,
601555,东吴证券,证券,72.74,11.59,1.07,134.37,23.66,0.1761,0.0422,0.1857,-0.1170,41.00,
002956,西麦食品,食品饮料,16.96,34.46,3.89,21.59,1.33,0.0617,0.1838,0.7468,-0.0011,41.00,
000728,国元证券,证券,49.71,13.61,0.97,88.80,22.44,0.2528,0.0702,0.0109,-0.1179,41.00,
601128,常熟银行,银行,90.52,5.22,0.79,115.92,38.13,0.3290,-0.0486,0.1155,-0.0915,41.00,
600901,江苏金租,多元金融,46.38,10.89,1.42,59.57,29.43,0.4940,-0.0223,0.2987,-0.0467,41.00,
600351,亚宝药业,中药,17.09,15.66,1.61,22.73,2.43,0.1068,0.0334,0.0871,-0.1898,41.00,
605183,确成股份,橡胶制品,16.53,15.63,2.29,22.16,5.41,0.2440,0.1370,0.1752,-0.0875,41.00,
600535,天士力,中药,63.11,17.15,1.83,83.46,9.56,0.1145,-0.0407,0.0575,-0.1238,41.00,
002926,华西证券,证券,34.93,17.32,1.01,51.81,7.28,0.1405,0.0175,0.1056,-0.1354,41.00,
002839,张家港行,银行,36.76,5.36,0.61,47.54,18.79,0.3951,-0.0065,0.1358,-0.0417,41.00,
601059,信达证券,证券,30.19,31.85,2.82,39.60,13.65,0.3446,0.1102,0.1535,-0.1283,41.00,
601696,中银证券,证券,24.38,37.20,2.27,34.06,9.06,0.2662,0.4333,0.3272,-0.1593,41.00,
601083,锦江航运,航运港口,51.76,9.16,1.58,68.81,10.21,0.1483,-0.0045,0.1983,-0.1899,41.00,
300349,金卡智能,仪器仪表,23.55,21.83,1.36,31.89,3.60,0.1129,0.2206,0.0381,-0.0437,41.00,
300487,蓝晓科技,塑料制品,19.33,36.11,7.83,25.96,7.87,0.3033,0.2330,0.2323,-0.0079,41.00,
000719,中原传媒,文化传媒,66.20,11.97,1.02,97.78,10.30,0.1053,-0.1214,0.0282,-0.1465,41.00,
603515,欧普照明,家电行业,49.08,17.39,2.01,69.36,9.03,0.1302,0.0652,0.1294,-0.0631,41.00,
002034,旺能环境,环保行业,25.55,9.37,0.99,32.99,5.61,0.1700,-0.0548,0.0601,-0.2045,41.00,
603100,川仪股份,仪器仪表,48.90,18.93,2.50,68.60,7.78,0.1134,0.1248,0.1127,-0.1526,41.00,
600731,湖南海利,农药兽药,14.79,14.36,1.20,22.43,2.65,0.1183,-0.0569,0.1567,-0.1993,41.00,
600750,江中药业,中药,29.33,16.36,3.93,42.39,7.88,0.1859,0.0977,0.1538,-0.0551,41.00,
688101,三达膜,环保行业,11.56,13.63,1.24,15.06,3.15,0.2091,0.1693,0.1898,-0.1726,41.00,
002409,雅克科技,电子化学品,64.67,32.53,4.42,83.30,8.72,0.1046,0.3822,0.1990,-0.1459,41.00,
603871,嘉友国际,物流行业,65.70,16.20,3.27,87.80,12.76,0.1454,0.3244,0.0230,-0.0625,41.00,
600874,创业环保,环保行业,34.47,9.95,0.92,48.85,8.07,0.1652,0.0000,0.0119,-0.1069,41.00,
300873,海晨股份,物流行业,13.75,18.52,1.61,17.79,2.93,0.1650,0.1260,0.2429,-0.1761,41.00,
600995,南网储能,电力行业,53.20,21.19,1.81,69.75,11.26,0.1615,0.2446,0.2385,-0.1165,41.00,
603697,有友食品,食品饮料,12.45,22.52,2.96,15.41,1.57,0.1021,-0.0701,0.2669,-0.2229,41.00,
601330,绿色动力,环保行业,25.82,11.49,1.16,34.36,5.85,0.1703,-0.0932,0.0823,-0.1171,41.00,
000968,蓝焰控股,燃气,16.09,17.90,1.03,20.80,4.34,0.2089,-0.0742,0.0076,-0.1949,41.00,
000791,甘肃能源,电力行业,65.25,10.00,1.45,87.37,16.44,0.1882,-0.0497,0.1207,-0.1022,41.00,
301362,民爆光电,家电行业,12.30,21.64,1.74,16.40,2.31,0.1406,0.0230,0.0473,-0.2051,41.00,
603551,奥普科技,家电行业,12.48,18.63,3.34,18.25,2.97,0.1629,0.0901,0.1245,-0.0835,41.00,
600020,中原高速,铁路公路,48.88,7.45,0.80,71.52,8.80,0.1231,-0.1034,0.0468,-0.1291,41.00,
603281,江瀚新材,化学制品,14.25,24.32,2.22,19.37,6.02,0.3108,0.1869,0.1556,-0.0460,41.00,
300775,三角防务,航天航空,12.47,33.47,2.86,14.74,3.80,0.2579,0.1819,0.2755,-0.0485,41.00,
301379,天山电子,光学光电子,13.38,34.53,3.66,17.57,1.50,0.0856,0.0034,0.7318,-0.2001,41.00,
600993,马应龙,中药,28.37,18.11,2.81,37.73,5.28,0.1399,0.0533,0.0909,-0.0760,41.00,
000755,山西高速,铁路公路,11.66,14.23,1.36,15.89,4.66,0.2933,0.0100,0.0654,-0.1907,41.00,
002978,安宁股份,有色金属,16.07,18.26,1.81,21.04,8.52,0.4047,0.0326,0.1004,-0.0400,41.00,
600258,首旅酒店,旅游酒店,57.82,17.84,1.49,76.45,8.06,0.1055,0.1372,0.0706,-0.0607,41.00,
002810,山东赫达,化学制品,14.37,27.81,2.32,19.58,2.22,0.1132,0.1611,0.0270,-0.0713,41.00,
300416,苏试试验,专业服务,15.32,44.02,3.46,21.51,2.29,0.1066,0.2994,0.4376,-0.0543,41.00,
000655,金岭矿业,钢铁行业,12.47,19.22,1.61,16.89,2.04,0.1208,0.3310,0.4851,-0.1039,41.00,
601198,东兴证券,证券,36.10,21.33,1.54,99.78,15.44,0.1548,0.3137,0.2171,-0.0256,41.00,
601199,江南水务,公用事业,10.39,14.16,1.14,15.46,4.02,0.2600,-0.0054,0.0072,-0.1689,41.00,
600928,西安银行,银行,76.91,6.08,0.48,103.52,25.59,0.2471,-0.0817,0.0480,-0.1663,41.00,
002967,广电计量,专业服务,24.16,40.23,3.75,34.63,3.52,0.1017,0.2656,0.3211,-0.0651,41.00,
603167,渤海轮渡,航运港口,14.28,12.04,1.24,18.35,2.74,0.1495,-0.1226,0.1985,-0.1308,41.00,
000899,赣能股份,电力行业,51.69,8.42,1.55,69.84,7.14,0.1022,0.0070,0.1465,-0.0849,41.00,
601528,瑞丰银行,银行,33.56,5.49,0.58,44.19,19.22,0.4348,-0.0548,0.0537,-0.0687,41.00,
688196,卓越新能,化学制品,23.43,31.28,2.18,29.32,1.49,0.0508,0.1435,0.5759,-0.1462,41.00,
600461,洪城环境,公用事业,54.26,9.60,1.24,80.09,11.90,0.1486,-0.0096,0.0065,-0.0719,41.00,
003039,顺控发展,公用事业,16.42,32.13,3.18,21.47,2.68,0.1250,0.0321,0.0671,-0.0573,41.00,
603565,中谷物流,物流行业,78.98,11.23,2.14,107.12,18.35,0.1713,0.0876,0.1406,-0.1252,41.00,
603112,华翔股份,家电行业,29.83,17.74,2.22,40.23,4.71,0.1170,-0.0279,0.4662,-0.0821,41.00,
600338,西藏珠峰,有色金属,17.24,23.75,3.17,21.83,2.30,0.1052,0.3783,0.3182,-0.0913,41.00,
600300,维维股份,食品饮料,23.88,17.65,1.61,33.55,4.11,0.1225,0.0086,0.0767,-0.1799,41.00,
000920,沃顿科技,环保行业,13.82,22.56,2.96,19.71,1.98,0.1003,0.0942,0.3750,-0.1283,41.00,
601326,秦港股份,航运港口,52.12,10.49,0.96,70.08,15.65,0.2233,0.0675,0.0514,-0.1190,41.00,
601107,四川成渝,铁路公路,60.86,10.76,1.11,90.89,14.59,0.1605,-0.0161,0.2603,-0.0528,41.00,
603929,亚翔集成,装修装饰,31.09,33.63,10.63,40.72,6.36,0.1562,1.6732,2.7275,-0.1414,41.00,
600517,国网英大,多元金融,78.70,11.62,1.49,114.64,15.74,0.1373,0.1770,0.0765,-0.1406,41.00,
601512,中新集团,房地产开发,26.01,12.09,0.89,33.00,6.37,0.1930,0.2300,0.1508,-0.1355,41.00,
301109,军信股份,环保行业,21.63,14.64,1.55,28.38,5.36,0.1890,-0.0404,0.2828,-0.0850,41.00,
603132,金徽股份,有色金属,11.80,30.84,4.51,16.16,4.77,0.2951,0.1687,0.3144,-0.0409,41.00,
601187,厦门银行,银行,42.87,7.57,0.74,58.85,25.95,0.4409,0.0392,0.3974,-0.0512,41.00,
300140,节能环境,环保行业,44.20,17.56,1.47,60.22,6.05,0.1005,0.0917,0.0373,-0.0319,41.00,
600814,杭州解百,商业百货,12.73,24.34,1.65,17.05,2.47,0.1451,0.0849,0.0736,-0.0621,41.00,
600323,瀚蓝环境,环保行业,97.37,10.75,1.62,128.92,16.64,0.1291,0.1899,0.2783,-0.0844,41.00,
603817,海峡环保,环保行业,10.02,16.24,1.31,13.44,1.92,0.1427,0.2327,0.2625,-0.1805,41.00,
002772,众兴菌业,农牧饲渔,14.75,20.97,1.68,19.94,1.28,0.0642,0.8005,0.9348,-0.0313,41.00,
601121,宝地矿业,钢铁行业,11.45,38.22,1.88,13.66,1.38,0.1012,0.1843,0.0726,-0.0955,41.00,
002014,永新股份,包装材料,27.06,17.65,3.10,36.92,4.68,0.1267,0.0093,0.2598,-0.0318,41.00,
600848,上海临港,房地产开发,38.02,19.78,1.49,107.78,10.97,0.1017,0.2926,0.1588,-0.1428,41.00,
002821,凯莱英,医疗服务,46.30,31.43,1.93,62.94,9.49,0.1508,0.0761,0.2069,-0.2432,41.00,
600897,厦门空港,航空机场,15.23,14.22,1.54,19.84,4.31,0.2173,0.2114,0.1867,-0.1600,41.00,
601619,嘉泽新能,电力行业,18.64,16.71,1.65,24.70,6.30,0.2551,0.2398,0.4444,-0.2073,41.00,
688376,美埃科技,环保行业,14.86,41.85,4.05,20.07,1.92,0.0957,0.5816,0.6697,-0.1412,41.00,
301175,中科环保,环保行业,12.72,21.89,2.41,17.36,3.21,0.1848,0.1170,0.1107,-0.0263,41.00,
300673,佩蒂股份,农牧饲渔,10.89,29.38,2.41,14.25,1.82,0.1278,0.1064,0.0856,-0.0634,41.00,
000582,北部湾港,航运港口,55.35,20.96,1.17,76.36,12.19,0.1596,0.1439,0.2367,-0.1284,41.00,
600862,中航高科,航天航空,37.61,30.48,4.39,50.13,11.53,0.2300,-0.0700,0.0073,-0.1404,41.00,
603823,百合花,化学制品,16.38,34.86,2.59,22.50,1.76,0.0783,0.0723,0.5620,-0.2202,41.00,
000987,越秀资本,多元金融,82.71,10.15,1.29,144.35,22.94,0.1589,0.2119,0.1341,-0.0333,41.00,
600456,宝钛股份,小金属,44.40,46.27,2.51,55.88,5.76,0.1032,0.2254,0.2955,-0.0331,41.00,
603162,海通发展,航运港口,30.09,33.87,2.63,40.81,5.49,0.1345,0.4614,0.3173,-0.1029,41.00,
603680,今创集团,交运设备,35.16,18.93,2.22,49.75,3.02,0.0607,0.3982,0.9006,-0.0393,41.00,
002749,国光股份,农药兽药,15.23,16.55,3.44,20.74,3.67,0.1770,-0.0955,0.0289,-0.1691,41.00,
600179,安通控股,物流行业,65.37,26.24,2.03,87.56,6.10,0.0697,0.9468,0.8610,-0.1618,41.00,
002617,露笑科技,光伏设备,27.61,48.34,2.48,36.94,2.58,0.0699,0.0618,0.0604,-0.2368,40.50,
300827,上能电气,光伏设备,35.65,42.97,7.28,52.69,4.19,0.0795,0.5464,0.0490,-0.2271,40.50,
000821,京山轻机,光伏设备,54.42,22.13,1.96,75.05,4.29,0.0571,0.1730,0.0251,-0.0580,40.50,
688082,盛美上海,半导体,51.46,50.34,6.39,67.87,11.53,0.1699,0.5855,0.6966,-0.1278,40.40,
300666,江丰电子,半导体,32.91,46.18,5.07,42.71,4.01,0.0938,0.2936,0.2790,-0.1878,40.40,
603786,科博达,汽车零部件,49.97,37.75,5.97,66.74,7.72,0.1157,0.4532,0.2944,-0.2560,40.30,
605133,嵘泰股份,汽车零部件,20.94,49.98,2.62,26.92,1.63,0.0607,0.1246,0.8794,-0.2815,40.30,
301613,新铝时代,汽车零部件,22.23,30.04,4.64,27.51,1.93,0.0701,0.0043,0.2032,-0.1985,40.30,
300100,双林股份,汽车零部件,38.55,43.48,7.58,55.29,4.97,0.0899,-0.0698,1.0876,-0.2787,40.30,
300580,贝斯特,汽车零部件,11.21,41.86,4.06,14.35,2.89,0.2012,0.1422,0.1228,-0.2823,40.30,
301397,溯联股份,汽车零部件,10.02,41.11,2.83,14.05,1.23,0.0872,0.2775,0.7129,-0.2733,40.30,
603305,旭升集团,汽车零部件,32.26,48.39,2.13,43.60,4.16,0.0955,0.3068,0.1145,-0.1335,40.30,
603035,常熟汽饰,汽车零部件,46.71,12.31,1.08,66.02,4.25,0.0644,0.1739,0.1144,-0.1751,40.30,
001282,三联锻造,汽车零部件,11.97,38.60,2.91,16.45,1.46,0.0889,0.0878,0.3742,-0.2028,40.30,
688612,威迈斯,汽车零部件,45.97,24.51,3.98,66.10,4.00,0.0605,0.2419,0.3535,-0.2002,40.30,
002283,天润工业,汽车零部件,29.00,19.02,1.18,37.51,3.33,0.0887,0.0594,0.1577,-0.2344,40.30,
605128,上海沿浦,汽车零部件,16.08,46.45,3.77,23.86,1.37,0.0574,0.1954,0.4722,-0.1979,40.30,
603201,常润股份,汽车零部件,22.00,14.69,1.85,29.76,2.45,0.0824,0.1154,0.1791,-0.1628,40.30,
605088,冠盛股份,汽车零部件,31.22,23.49,2.45,42.53,2.98,0.0701,-0.0550,0.3683,-0.1902,40.30,
600523,贵航股份,汽车零部件,18.70,39.67,2.00,25.29,1.78,0.0702,0.0934,0.2581,-0.0858,40.30,
603190,亚通精工,汽车零部件,12.83,24.22,1.49,17.77,0.90,0.0507,0.1711,0.1831,-0.0347,40.30,
300978,东箭科技,汽车零部件,15.16,30.29,3.20,20.89,1.50,0.0720,0.1336,0.0881,-0.1631,40.30,
300446,航天智造,汽车零部件,67.07,23.93,3.66,89.91,7.92,0.0881,0.4715,0.4533,-0.0683,40.30,
301087,可孚医疗,医疗器械,23.98,26.54,1.95,31.32,3.12,0.0995,0.3277,0.2238,-0.0426,40.10,
603987,康德莱,医疗器械,17.21,14.59,1.41,22.78,2.15,0.0945,0.1065,0.1493,-0.1104,40.10,
300206,理邦仪器,医疗器械,14.46,21.60,3.45,18.98,1.62,0.0854,0.0485,0.0581,-0.1027,40.10,
600776,东方通信,通信设备,16.27,43.67,5.61,25.51,1.51,0.0592,0.5785,0.3490,0.0000,40.00,
000739,普洛药业,化学制药,77.64,20.19,2.91,104.96,10.31,0.0982,0.1697,0.0648,-0.0333,39.80,
600789,鲁抗医药,化学制药,46.24,43.34,2.06,61.90,3.95,0.0637,-0.1202,0.0758,-0.2166,39.80,
600267,海正药业,化学制药,79.23,19.27,1.39,103.89,6.01,0.0579,-0.0809,0.1990,-0.2196,39.80,
300457,赢合科技,电池,67.84,43.97,2.69,88.29,5.03,0.0570,0.3071,0.3677,-0.2413,39.70,
300852,四会富仕,电子元件,13.96,36.17,2.77,17.71,1.40,0.0792,0.2233,0.3717,-0.1870,39.60,
603267,鸿远电子,电子元件,14.27,41.52,2.80,17.52,1.54,0.0878,0.1114,0.3350,-0.1351,39.60,
603115,海星股份,电子元件,17.11,23.08,2.19,22.30,1.61,0.0722,0.2822,0.4636,-0.1265,39.60,
301132,满坤科技,电子元件,12.23,36.54,2.74,15.79,1.06,0.0674,-0.0490,0.1825,-0.2182,39.60,
603989,艾华集团,电子元件,29.44,22.29,1.71,38.90,1.98,0.0510,0.0708,0.1187,-0.1672,39.60,
603678,火炬电子,电子元件,26.98,39.26,2.73,33.48,1.95,0.0581,-0.0303,0.1824,-0.1458,39.60,
002139,拓邦股份,消费电子,81.88,30.91,2.45,109.89,6.71,0.0611,0.0451,0.0327,-0.2226,39.50,
603890,春秋电子,消费电子,31.97,24.53,2.39,41.60,2.11,0.0508,0.4334,0.4434,-0.0510,39.50,
002981,朝阳科技,消费电子,14.56,29.91,3.40,19.80,1.13,0.0570,0.0540,0.1586,-0.2338,39.50,
002993,奥海科技,消费电子,51.88,25.36,2.53,70.66,4.65,0.0658,0.1230,0.0802,-0.1674,39.50,
301503,智迪科技,消费电子,10.99,27.98,2.70,14.62,1.15,0.0790,-0.0505,0.0503,-0.2410,39.50,
300976,达瑞电子,消费电子,22.78,26.10,2.27,30.72,2.42,0.0787,0.2305,0.1067,-0.1920,39.50,
301330,熵基科技,软件开发,14.01,45.51,2.29,19.82,1.83,0.0924,0.1682,0.3724,-0.0778,39.40,
300773,拉卡拉,软件开发,40.70,45.71,5.75,54.40,3.51,0.0646,-0.1380,0.3697,-0.2000,39.40,
300634,彩讯股份,互联网服务,13.41,42.12,3.78,17.83,2.30,0.1291,-0.0516,0.0004,-0.2824,39.30,
002264,新 华 都,互联网服务,24.46,27.46,3.26,33.48,2.60,0.0777,0.4274,0.3589,-0.1613,39.30,
603337,杰克科技,专用设备,49.67,22.16,4.10,63.54,8.12,0.1278,0.2009,0.4790,-0.2583,39.20,
603583,捷昌驱动,专用设备,30.35,28.80,3.09,41.19,2.82,0.0685,0.1136,0.5148,-0.2664,39.20,
002367,康力电梯,专用设备,30.69,14.37,1.70,42.75,3.57,0.0835,0.0829,0.1239,0.0000,39.20,
002334,英威腾,专用设备,31.08,38.06,2.46,42.86,2.87,0.0669,0.1648,0.2459,-0.1331,39.20,
002483,润邦股份,专用设备,46.96,21.30,1.45,77.72,4.85,0.0624,0.1289,0.4303,-0.0627,39.20,
688128,中国电研,专用设备,34.75,23.51,3.50,48.38,4.67,0.0965,0.2132,0.4062,-0.1916,39.20,
002073,软控股份,专用设备,56.50,20.69,1.36,79.50,5.06,0.0637,-0.0807,0.0086,-0.1873,39.20,
002957,科瑞技术,专用设备,17.61,27.76,2.85,24.51,1.39,0.0569,0.3575,0.3465,-0.0681,39.20,
688097,博众精工,专用设备,36.53,37.84,3.53,53.33,3.98,0.0747,0.4011,0.3660,-0.0234,39.20,
300217,东方电热,专用设备,25.85,38.54,1.84,34.55,3.18,0.0920,0.0077,0.0235,-0.1578,39.20,
002960,青鸟消防,专用设备,33.59,30.28,1.53,47.61,3.53,0.0742,0.1378,0.1461,-0.1788,39.20,
603012,创力集团,专用设备,18.45,32.94,1.02,31.97,2.14,0.0670,0.0736,0.0794,-0.1193,39.20,
600262,北方股份,专用设备,24.50,18.00,2.47,34.65,1.79,0.0516,0.1465,0.3447,-0.1546,39.20,
300228,富瑞特装,专用设备,23.63,25.92,2.50,31.20,2.19,0.0703,0.2817,0.3883,-0.0583,39.20,
301219,腾远钴业,能源金属,57.52,20.07,2.15,74.05,6.85,0.0925,0.3320,0.4976,-0.1490,39.10,
603270,金帝股份,通用设备,13.72,40.38,2.64,18.04,1.00,0.0552,0.0877,0.2712,-0.1408,39.00,
601002,晋亿实业,通用设备,17.34,22.95,1.17,23.76,1.30,0.0548,0.0116,0.1810,-0.1414,39.00,
603339,四方科技,通用设备,12.37,28.95,1.53,16.62,2.37,0.1427,0.0679,0.0979,-0.2869,39.00,
002043,兔 宝 宝,装修建材,63.19,14.03,3.66,90.44,5.85,0.0647,0.4953,0.2591,-0.0214,38.90,
603326,我乐家居,装修建材,10.55,15.44,2.47,14.55,1.21,0.0835,0.0447,0.4800,-0.0760,38.90,
003012,东鹏控股,装修建材,45.01,16.46,1.01,62.87,3.28,0.0522,0.1634,0.0491,-0.1827,38.90,
603600,永艺股份,装修建材,34.83,15.28,1.70,48.42,2.96,0.0612,0.1226,0.0172,-0.0978,38.90,
603137,恒尚节能,装修建材,12.14,40.08,2.02,18.51,0.93,0.0504,-0.0691,0.2466,-0.1667,38.90,
603856,东宏股份,装修建材,17.00,15.12,1.30,20.20,1.69,0.0838,0.0780,0.0922,-0.1165,38.90,
600475,华光环能,电源设备,66.62,38.29,2.02,85.43,7.04,0.0824,0.3744,1.0993,-0.2878,38.80,
002469,三维化学,化学原料,19.41,26.73,2.09,28.02,2.63,0.0937,0.0280,0.1377,-0.1145,38.70,
002145,钛能化学,化学原料,57.65,44.44,1.55,74.91,5.65,0.0754,0.1827,0.1056,-0.1921,38.70,
600784,鲁银投资,化学原料,24.81,21.32,1.41,32.85,3.01,0.0918,0.0609,0.0934,-0.0355,38.70,
000682,东方电子,电网设备,51.65,23.95,2.87,80.79,6.84,0.0847,0.1458,0.1070,-0.1048,38.60,
300001,特锐德,电网设备,98.34,29.99,3.42,163.11,9.17,0.0562,0.0830,0.1527,-0.1585,38.60,
002498,汉缆股份,电网设备,71.76,20.28,1.49,98.93,6.55,0.0662,0.1192,0.1032,-0.0494,38.60,
603312,西典新能,电网设备,20.94,26.67,4.36,28.43,2.28,0.0801,0.2998,0.3078,-0.2423,38.60,
300776,帝尔激光,光伏设备,17.81,25.15,4.43,23.56,5.28,0.2240,0.0804,-0.0687,-0.2300,38.50,
605111,新洁能,半导体,13.85,34.21,3.58,18.58,4.35,0.2339,0.2109,-0.0153,-0.1002,38.40,
603160,汇顶科技,半导体,35.21,40.46,3.91,46.73,6.04,0.1292,0.1325,-0.0663,-0.0977,38.40,
002997,瑞鹄模具,汽车零部件,26.04,16.58,3.19,33.03,3.50,0.1061,0.0138,-0.0245,-0.2167,38.30,
601101,昊华能源,煤炭行业,63.07,14.15,0.87,86.01,10.37,0.1205,0.0197,-0.0810,-0.1221,38.20,
601918,新集能源,煤炭行业,90.10,8.66,1.04,125.48,23.93,0.1907,0.0313,-0.0848,-0.1477,38.20,
688139,海尔生物,医疗器械,17.61,38.33,2.34,22.63,3.67,0.1620,0.0391,-0.0304,-0.1107,38.10,
300406,九强生物,医疗器械,10.12,21.26,2.08,14.33,5.33,0.3716,-0.0172,-0.0215,-0.2193,38.10,
002432,九安医疗,医疗器械,10.69,8.79,0.84,15.69,16.69,1.0633,0.1029,-0.0459,-0.1189,38.10,
603344,星德胜,电机,19.11,37.04,3.14,25.75,1.99,0.0771,0.3617,0.4408,-0.0047,38.00,
605555,德昌股份,家电行业,32.88,41.85,2.99,43.96,4.11,0.0935,0.1839,0.1568,-0.1786,38.00,
603365,水星家纺,纺织服装,29.76,17.79,1.83,44.86,3.67,0.0817,0.1733,0.3542,-0.0890,38.00,
002152,广电运通,计算机设备,79.06,41.29,2.61,116.55,9.20,0.0789,-0.0045,0.0818,-0.1404,38.00,
601100,恒立液压,工程机械,77.90,54.43,8.88,102.44,25.09,0.2449,0.6539,1.1723,-0.0002,38.00,
002293,罗莱生活,纺织服装,33.85,19.16,2.17,47.43,4.33,0.0913,0.2244,0.3912,0.0000,38.00,
002626,金达威,食品饮料,26.04,25.35,2.76,35.02,3.42,0.0977,-0.0157,0.2870,-0.0868,38.00,
603648,畅联股份,物流行业,11.37,31.45,2.09,13.84,1.31,0.0946,-0.0321,0.0820,-0.1266,38.00,
002538,司尔特,化肥行业,32.25,27.87,1.08,44.44,3.11,0.0701,0.3050,0.1192,-0.0073,38.00,
000589,贵州轮胎,橡胶制品,79.56,13.55,0.91,108.04,6.15,0.0570,0.1700,0.0652,0.0000,38.00,
603350,安乃达,电机,15.97,34.95,3.40,19.34,1.10,0.0568,0.0892,0.1366,-0.1507,38.00,
003019,宸展光电,光学光电子,18.65,28.58,3.58,22.13,1.88,0.0850,0.0424,0.3246,-0.2259,38.00,
603726,朗迪集团,家电行业,14.96,17.86,2.98,19.62,1.72,0.0877,0.3265,0.4614,-0.1703,38.00,
002588,史丹利,化肥行业,92.90,10.48,1.56,116.74,8.26,0.0708,0.0977,0.3529,-0.0554,38.00,
688122,西部超导,有色金属,39.89,55.47,6.95,53.66,8.01,0.1492,0.4842,0.7168,-0.1520,38.00,
002540,亚太科技,有色金属,58.30,22.71,1.64,77.73,4.63,0.0595,0.2400,0.1354,-0.0404,38.00,
601339,百隆东方,纺织服装,57.24,11.84,0.95,75.92,4.10,0.0540,0.2113,0.1309,-0.0052,38.00,
688278,特宝生物,生物制品,24.80,38.43,11.14,33.42,8.28,0.2476,0.1866,0.1813,-0.0845,38.00,
603611,诺力股份,工程机械,50.30,11.99,2.02,68.61,4.62,0.0673,0.1511,0.3735,-0.1500,38.00,
605020,永和股份,化学制品,37.86,22.12,2.45,50.12,2.51,0.0501,0.1231,0.4263,-0.1623,38.00,
300303,聚飞光电,光学光电子,25.85,34.57,2.59,34.30,3.40,0.0990,0.1225,0.0073,-0.0766,38.00,
000875,吉电股份,电力行业,97.17,19.57,1.17,132.90,10.99,0.0827,0.0703,0.0368,-0.1092,38.00,
600211,西藏药业,生物制品,20.89,14.08,3.82,27.21,10.51,0.3864,0.1746,0.1929,-0.2548,38.00,
002973,侨银股份,环保行业,27.66,27.13,2.16,37.42,2.89,0.0773,0.0000,0.2115,-0.1970,38.00,
603181,皇马科技,塑料制品,18.20,19.03,2.56,24.31,3.98,0.1637,0.1040,0.2545,-0.2918,38.00,
001222,源飞宠物,家用轻工,12.81,25.97,3.17,16.61,1.64,0.0989,0.2484,0.4625,-0.1804,38.00,
603363,傲农生物,农牧饲渔,63.35,22.17,3.66,81.73,5.79,0.0709,0.2948,0.2208,-0.2219,38.00,
002823,凯中精密,电机,21.75,22.18,2.61,28.95,1.70,0.0588,0.1765,0.1359,-0.1384,38.00,
300905,宝丽迪,塑料制品,10.58,41.05,3.01,14.09,1.14,0.0809,0.0695,0.0413,-0.1806,38.00,
002616,长青集团,电力行业,27.23,17.51,1.38,37.19,2.17,0.0583,-0.1204,0.1760,-0.2483,38.00,
600363,联创光电,光学光电子,25.03,48.42,5.84,31.74,2.41,0.0760,-0.0061,0.2542,-0.1738,38.00,
601702,华峰铝业,有色金属,91.09,17.21,3.35,123.09,12.18,0.0989,0.3106,0.1094,-0.0260,38.00,
603889,新澳股份,纺织服装,38.94,11.23,1.57,48.64,4.28,0.0881,0.3276,0.1250,-0.0808,38.00,
002860,星帅尔,家电行业,17.42,20.64,2.14,23.04,1.44,0.0624,0.0823,0.3649,-0.1580,38.00,
600223,福瑞达,生物制品,25.97,39.54,1.78,37.77,2.44,0.0645,-0.0948,0.0500,-0.2045,38.00,
603303,得邦照明,家电行业,32.85,23.46,1.98,44.26,3.47,0.0785,0.1061,0.1712,-0.1944,38.00,
688087,英科再生,塑料制品,25.83,19.77,2.17,32.75,3.07,0.0938,0.2079,0.0967,-0.0518,38.00,
300019,硅宝科技,化学制品,26.51,27.07,3.09,36.77,2.38,0.0646,0.0697,0.3927,-0.1688,38.00,
002011,盾安环境,家电行业,97.23,13.33,2.13,130.65,10.45,0.0800,0.0726,0.1650,-0.1521,38.00,
002206,海 利 得,化纤行业,44.15,12.39,1.75,59.48,4.11,0.0690,0.0592,0.3563,-0.0965,38.00,
002057,中钢天源,非金属材料,23.20,26.36,2.41,30.71,1.72,0.0561,0.1463,0.3605,-0.1185,38.00,
002039,黔源电力,电力行业,21.69,11.67,1.77,26.36,2.18,0.0828,0.0999,0.1849,-0.0642,38.00,
001202,炬申股份,物流行业,13.03,33.32,3.15,16.29,0.82,0.0501,0.2053,0.4526,-0.1414,38.00,
300443,金雷股份,风电设备,21.19,22.51,1.45,27.73,1.73,0.0623,0.3036,0.3346,-0.1162,38.00,
000726,鲁  泰Ａ,纺织服装,43.00,8.69,0.60,59.89,4.10,0.0685,0.1141,0.1054,-0.0569,38.00,
600261,阳光照明,家电行业,19.86,26.13,1.29,27.09,2.03,0.0749,-0.0059,0.0307,-0.1273,38.00,
603733,仙鹤股份,造纸印刷,90.63,16.39,2.05,120.74,10.04,0.0831,0.1833,0.3227,-0.0881,38.00,
603215,比依股份,家电行业,17.56,40.60,3.22,23.35,1.40,0.0598,0.1422,0.3248,-0.1387,38.00,
600526,菲达环保,环保行业,25.44,17.18,1.04,46.09,2.41,0.0523,0.0736,0.1290,-0.1102,38.00,
002891,中宠股份,农牧饲渔,38.60,35.64,5.48,51.36,3.94,0.0767,-0.1403,0.6602,-0.2778,38.00,
600210,紫江企业,包装材料,78.22,8.75,1.69,112.71,8.09,0.0718,0.1519,0.1275,-0.0713,38.00,
300230,永利股份,塑料制品,17.75,17.95,1.19,23.80,2.23,0.0937,-0.0285,0.0324,-0.1857,38.00,
603111,康尼机电,交运设备,31.01,17.09,1.50,43.74,3.51,0.0802,0.0850,0.1541,-0.1729,38.00,
603511,爱慕股份,纺织服装,22.34,46.16,1.43,31.17,1.63,0.0524,-0.0411,0.2134,-0.2182,38.00,
001230,劲旅环境,环保行业,11.76,17.57,1.51,15.68,1.41,0.0897,0.0065,0.2886,-0.1986,38.00,
605589,圣泉集团,化学制品,80.72,23.92,2.36,109.40,8.68,0.0793,-0.0145,0.2630,-0.1582,38.00,
300791,仙乐健康,食品饮料,32.91,22.53,3.18,44.54,3.25,0.0730,0.1130,0.2025,-0.0736,38.00,
002226,江南化工,化学制品,68.85,17.50,1.51,96.67,8.91,0.0922,0.0299,0.0833,-0.1807,38.00,
603693,江苏新能,电力行业,15.26,20.22,1.51,20.67,4.17,0.2017,-0.2465,0.1919,-0.2913,38.00,
605056,咸亨国际,仪器仪表,26.95,39.75,4.05,43.11,2.23,0.0517,0.0609,0.3039,-0.1649,38.00,
300196,长海股份,玻璃玻纤,23.59,17.15,1.26,31.19,2.75,0.0881,0.0084,0.3115,-0.1579,38.00,
002732,燕塘乳业,食品饮料,11.79,37.59,1.78,16.08,1.03,0.0639,-0.0024,0.0241,-0.1523,38.00,
002096,易普力,化学制品,73.56,19.19,2.10,95.99,7.13,0.0743,0.0805,0.0061,-0.2103,38.00,
603182,嘉华股份,农牧饲渔,10.27,23.97,2.40,14.09,1.09,0.0775,0.1928,0.3480,-0.0356,38.00,
000833,粤桂股份,综合行业,21.44,25.14,3.81,29.19,2.79,0.0954,0.5394,0.4549,-0.2341,38.00,
300398,飞凯材料,电子化学品,23.42,33.17,2.61,30.89,2.47,0.0798,0.1805,0.3554,-0.1596,38.00,
300121,阳谷华泰,橡胶制品,25.80,26.85,1.64,34.76,1.92,0.0553,-0.1014,0.0346,-0.2472,38.00,
600251,冠农股份,农牧饲渔,21.36,15.43,1.88,31.58,2.05,0.0648,0.2045,0.2369,-0.0161,38.00,
603231,索宝蛋白,农牧饲渔,12.40,17.71,1.76,16.41,1.21,0.0739,0.0673,0.0787,-0.1796,38.00,
002251,步步高,商业百货,32.01,47.57,1.74,41.08,12.12,0.2950,0.0598,0.2667,-0.2772,38.00,
600425,青松建化,水泥建材,30.59,16.07,1.03,39.33,3.54,0.0899,0.1088,0.0801,-0.1623,38.00,
301048,金鹰重工,交运设备,20.72,36.36,2.21,32.51,1.91,0.0586,0.0080,0.1805,-0.2479,38.00,
600987,航民股份,纺织服装,81.37,10.91,1.09,109.27,7.20,0.0659,-0.0282,0.0440,-0.0947,38.00,
000922,佳电股份,电机,36.40,36.34,2.09,49.71,2.56,0.0516,0.2240,0.2110,-0.1089,38.00,
603053,成都燃气,燃气,37.77,15.34,1.77,52.44,4.89,0.0932,0.0181,0.0021,-0.1763,38.00,
600927,永安期货,多元金融,83.55,36.58,1.77,114.16,5.75,0.0504,0.0199,0.1647,-0.1224,38.00,
000035,中国天楹,环保行业,39.42,31.67,1.21,53.40,2.80,0.0524,0.2944,0.0927,-0.1050,38.00,
603218,日月股份,风电设备,48.55,23.49,1.33,63.66,6.24,0.0980,0.0954,0.0611,-0.1212,38.00,
000089,深圳机场,航空机场,38.39,22.84,1.23,51.13,4.43,0.0866,0.0014,0.0161,-0.0659,38.00,
002847,盐津铺子,食品饮料,44.27,23.26,8.78,58.70,6.40,0.1090,-0.1028,0.2980,-0.2860,38.00,
600846,同济科技,工程建设,23.12,37.68,2.01,35.78,4.06,0.1135,0.2169,0.4662,-0.2761,38.00,
000065,北方国际,工程建设,99.15,20.21,1.28,148.73,10.50,0.0706,0.0952,0.2081,-0.0652,38.00,
001338,永顺泰,农牧饲渔,32.21,18.00,1.63,41.91,2.99,0.0714,0.0168,0.1362,-0.0685,38.00,
603020,爱普股份,食品饮料,18.53,25.94,1.17,24.72,1.59,0.0643,0.1048,0.2525,-0.1489,38.00,
300628,亿联网络,通信设备,42.98,17.52,5.27,58.10,26.48,0.4557,0.0640,-0.0569,-0.1259,38.00,
300881,盛德鑫泰,钢铁行业,23.25,18.58,3.44,30.34,2.26,0.0744,-0.0195,0.1135,-0.1871,38.00,
000928,中钢国际,工程咨询服务,91.75,12.70,1.11,142.19,8.35,0.0587,0.0513,0.0331,-0.0615,38.00,
601566,九牧王,纺织服装,21.30,19.15,1.94,30.45,1.76,0.0579,0.5785,0.6385,-0.2515,38.00,
688268,华特气体,电子化学品,10.44,43.72,3.77,13.81,1.85,0.1338,0.1306,0.1682,-0.2530,38.00,
600388,龙净环保,环保行业,78.58,19.82,1.94,112.23,8.30,0.0740,0.3821,0.2512,-0.0558,38.00,
001378,德冠新材,塑料制品,11.05,39.33,1.68,14.93,0.93,0.0623,0.0583,0.0286,-0.0172,38.00,
605077,华康股份,食品饮料,29.59,20.00,1.49,36.62,2.68,0.0733,-0.0891,0.0571,-0.2431,38.00,
300973,立高食品,食品饮料,31.45,21.88,2.99,42.63,2.68,0.0629,-0.1232,0.0422,-0.2174,38.00,
000962,东方钽业,小金属,11.99,56.78,5.73,15.84,2.13,0.1346,0.9066,1.3254,-0.0935,38.00,
002643,万润股份,电子化学品,28.26,33.95,1.92,37.57,2.46,0.0656,0.3265,0.1963,-0.0849,38.00,
000419,通程控股,商业百货,14.81,21.14,1.00,21.68,1.50,0.0693,0.1497,0.1140,-0.0851,38.00,
603043,广州酒家,食品饮料,42.85,16.63,2.55,53.05,4.94,0.0931,0.1267,0.0535,-0.0540,38.00,
002303,美盈森,包装材料,30.00,17.88,1.40,40.64,2.82,0.0693,0.1473,0.1441,-0.1492,38.00,
603408,建霖家居,装修装饰,37.23,13.53,1.88,49.54,4.82,0.0973,0.2567,0.1303,-0.0416,38.00,
002108,沧州明珠,塑料制品,20.78,42.82,1.59,28.64,1.55,0.0540,0.3152,0.3260,-0.1326,38.00,
000019,深粮控股,贸易行业,39.18,24.67,1.61,54.92,3.25,0.0592,0.0236,0.0451,-0.0986,38.00,
002825,纳尔股份,塑料制品,14.68,21.02,2.49,19.46,1.26,0.0649,0.1193,0.4812,-0.0963,38.00,
002489,浙江永强,家用轻工,34.74,9.28,1.79,58.52,4.62,0.0789,0.0488,0.1153,-0.0719,38.00,
002098,浔兴股份,纺织服装,20.38,16.07,2.46,28.00,2.02,0.0721,0.0030,0.1753,-0.1040,38.00,
000850,华茂股份,纺织服装,25.45,22.35,1.12,33.69,2.87,0.0852,0.2813,0.2318,-0.0441,38.00,
601778,晶科科技,电力行业,31.22,27.71,0.83,40.07,3.24,0.0809,0.2308,0.2517,-0.2317,38.00,
601113,华鼎股份,化纤行业,35.62,20.64,1.30,50.89,4.89,0.0960,0.1527,0.2000,-0.0270,38.00,
600637,东方明珠,文化传媒,50.96,45.02,1.09,76.07,6.69,0.0879,0.3320,0.2012,-0.0937,38.00,
603977,国泰集团,化学制品,16.01,34.87,2.64,22.52,1.81,0.0803,0.1570,0.0230,-0.0902,38.00,
601969,海南矿业,钢铁行业,33.60,56.81,3.36,42.54,7.06,0.1661,0.6559,0.5558,-0.1714,38.00,
000551,创元科技,环保行业,31.23,23.54,2.44,39.59,2.51,0.0633,0.3336,0.3941,-0.1662,38.00,
603878,武进不锈,钢铁行业,17.18,44.91,1.99,22.80,1.26,0.0551,0.6806,0.5883,-0.2508,38.00,
002752,昇兴股份,包装材料,50.70,24.16,2.02,72.06,4.23,0.0587,0.2865,0.1333,-0.1896,38.00,
600062,华润双鹤,化学制药,82.83,10.60,1.68,109.47,16.28,0.1487,0.0022,-0.0618,-0.1307,37.80,
300194,福安药业,化学制药,13.15,23.83,1.19,17.12,2.80,0.1635,0.0207,-0.0533,-0.1120,37.80,
002262,恩华药业,化学制药,44.71,16.70,3.04,60.23,11.44,0.1899,0.1375,-0.0082,-0.1618,37.80,
000513,丽珠集团,化学制药,91.16,13.35,2.24,118.47,20.61,0.1740,-0.0527,-0.0529,-0.2134,37.80,
688717,艾罗能源,光伏设备,30.28,49.83,2.19,36.94,2.04,0.0551,0.0677,0.1969,-0.2790,37.50,
300763,锦浪科技,光伏设备,56.63,25.08,3.18,70.43,6.91,0.0981,0.2757,0.0975,-0.2583,37.50,
688018,乐鑫科技,半导体,19.12,57.53,6.69,24.59,3.39,0.1380,0.2646,0.0777,-0.2242,37.40,
688120,华海清科,半导体,31.94,51.23,7.49,41.48,10.23,0.2467,0.3587,0.3113,-0.0895,37.40,
603158,腾龙股份,汽车零部件,28.65,27.84,2.28,39.75,2.50,0.0628,0.3400,0.3450,-0.2996,37.30,
002406,远东传动,汽车零部件,10.77,45.43,1.44,13.98,1.18,0.0847,0.0895,0.2058,-0.2628,37.30,
300532,今天国际,互联网服务,17.10,18.10,2.99,20.38,2.76,0.1357,0.0052,-0.0330,-0.1671,37.30,
002833,弘亚数控,专用设备,17.95,15.58,2.45,23.24,5.17,0.2227,0.0546,-0.0042,-0.1380,37.20,
301363,美好医疗,医疗器械,11.94,51.23,3.89,16.32,3.64,0.2229,0.3782,0.1126,-0.1091,37.10,
603279,景津装备,通用设备,42.00,16.33,2.01,56.26,8.48,0.1508,0.1536,-0.0249,-0.0595,37.00,
300470,中密控股,通用设备,12.83,20.94,2.79,17.07,3.92,0.2299,0.0363,-0.0443,-0.0846,37.00,
601882,海天精工,通用设备,25.21,22.66,3.57,33.80,5.23,0.1547,0.0416,-0.0869,-0.2008,37.00,
003031,中瓷电子,通信设备,21.43,56.24,5.28,29.05,5.39,0.1856,0.4352,0.3833,-0.0580,37.00,
002019,亿帆医药,化学制药,39.23,27.69,1.62,52.24,3.86,0.0739,-0.1434,0.0425,-0.2775,36.80,
603299,苏盐井神,化学原料,33.57,14.93,1.33,46.54,7.69,0.1652,0.0955,-0.0114,-0.1526,36.70,
601065,江盐集团,化学原料,16.92,20.44,1.21,23.67,4.61,0.1948,0.0036,-0.0557,-0.0705,36.70,
603556,海兴电力,电网设备,33.69,17.66,2.34,46.76,10.02,0.2143,0.3666,-0.0432,-0.0875,36.60,
688025,杰普特,电子元件,15.09,50.17,6.18,18.93,1.33,0.0701,0.8021,1.8697,-0.1503,36.60,
002859,洁美科技,电子元件,15.26,50.98,4.08,20.01,2.02,0.1010,0.4231,0.2608,-0.1719,36.60,
002606,大连电瓷,电网设备,11.01,25.06,2.12,15.58,2.11,0.1355,-0.0579,-0.0787,-0.1392,36.60,
002922,伊戈尔,电子元件,38.08,55.45,3.48,52.01,2.93,0.0562,0.9765,0.8970,-0.0744,36.60,
688800,瑞可达,电子元件,23.21,57.21,7.75,31.46,1.75,0.0557,0.9041,1.2415,-0.0404,36.60,
002987,京北方,软件开发,36.13,55.59,6.19,48.13,3.12,0.0647,-0.1885,0.9259,-0.2353,36.40,
000048,京基智农,农牧饲渔,36.70,23.01,2.16,50.36,7.14,0.1417,0.1210,-0.0052,-0.0610,36.00,
603338,浙江鼎力,工程机械,66.75,13.61,2.60,83.40,16.29,0.1953,0.2449,-0.0616,-0.1584,36.00,
600285,羚锐制药,中药,30.41,13.55,3.62,37.83,7.23,0.1910,-0.1182,-0.0326,-0.1521,36.00,
603599,广信股份,农药兽药,26.63,15.18,1.06,38.16,7.79,0.2041,0.0693,-0.0060,-0.0954,36.00,
002395,双象股份,塑料制品,19.14,18.60,3.01,26.00,4.72,0.1816,-0.1255,-0.0355,-0.1735,36.00,
600566,济川药业,中药,39.32,17.93,1.77,61.44,25.32,0.4120,0.0188,-0.0370,-0.0559,36.00,
002597,金禾实业,食品饮料,35.43,22.82,1.57,48.04,5.57,0.1159,-0.0982,-0.0486,-0.1827,36.00,
603230,内蒙新华,文化传媒,13.66,16.33,1.57,17.07,3.38,0.1980,-0.0534,-0.0305,-0.1760,36.00,
600177,雅戈尔,纺织服装,67.77,11.13,0.81,125.66,27.67,0.2202,0.0516,-0.0563,-0.1077,36.00,
603317,天味食品,食品饮料,24.11,25.67,3.06,35.23,6.25,0.1773,0.1209,-0.0748,-0.1044,36.00,
603223,恒通股份,物流行业,10.50,28.50,1.70,13.23,1.55,0.1172,-0.1269,-0.0696,-0.1825,36.00,
603227,雪峰科技,化学制品,41.83,16.91,1.74,57.24,6.68,0.1168,-0.0155,-0.0623,-0.1769,36.00,
603393,新天然气,燃气,29.70,10.51,1.27,37.83,11.85,0.3133,-0.0603,-0.0792,-0.1261,36.00,
000848,承德露露,食品饮料,19.56,16.97,2.47,30.84,6.66,0.2160,-0.0740,-0.0607,-0.2084,36.00,
002215,诺 普 信,农药兽药,40.86,14.24,2.64,54.80,5.85,0.1067,0.0159,-0.0670,-0.1882,36.00,
301303,真兰仪表,仪器仪表,12.53,18.60,1.84,17.25,3.21,0.1860,-0.0059,-0.0338,-0.1684,36.00,
601975,招商南油,航运港口,42.68,11.30,1.24,57.36,19.21,0.3349,0.0627,-0.0193,-0.1003,36.00,
601860,紫金银行,银行,32.73,6.32,0.50,42.76,16.24,0.3797,-0.1289,0.0000,-0.1606,36.00,
600821,金开新能,电力行业,28.41,13.72,1.08,36.23,8.03,0.2215,-0.0356,-0.0722,-0.1574,36.00,
600369,XD西南证,证券,25.18,31.85,1.16,33.20,6.99,0.2107,0.0513,-0.0739,-0.1034,36.00,
300388,节能国祯,环保行业,25.17,16.18,1.18,36.25,3.67,0.1012,0.1384,-0.0025,-0.2280,36.00,
001227,兰州银行,银行,59.23,6.59,0.43,77.24,18.88,0.2444,-0.1077,-0.0492,-0.1439,36.00,
002007,华兰生物,生物制品,33.79,26.54,2.44,42.67,10.88,0.2549,-0.0085,-0.0893,-0.1179,36.00,
000544,中原环保,公用事业,39.00,5.92,0.89,52.55,10.32,0.1964,0.0012,-0.0107,-0.0888,36.00,
000429,粤高速Ａ,铁路公路,33.63,12.15,2.31,44.30,15.62,0.3526,-0.0842,-0.0515,-0.1576,36.00,
002275,桂林三金,中药,14.62,16.16,2.56,20.82,5.22,0.2505,-0.0201,-0.0056,-0.1775,36.00,
002867,周大生,珠宝首饰,67.72,11.21,2.10,98.55,10.10,0.1025,-0.0553,-0.0981,-0.2142,36.00,
600639,浦东金桥,房地产开发,14.15,25.32,0.79,21.05,10.02,0.4759,-0.0155,-0.0695,-0.1171,36.00,
601901,方正证券,证券,90.82,12.71,1.28,113.68,22.07,0.1942,0.0103,-0.0832,-0.1134,36.00,
002349,精华制药,中药,10.92,25.58,2.22,14.49,2.13,0.1467,-0.0096,-0.0960,-0.1244,36.00,
002507,涪陵榨菜,食品饮料,19.99,16.64,1.68,24.23,7.99,0.3299,0.0125,-0.0842,-0.0913,36.00,
601965,中国汽研,汽车服务,30.24,18.96,2.25,46.62,9.08,0.1947,-0.1345,-0.0599,-0.1688,36.00,
601928,凤凰传媒,文化传媒,91.59,11.17,1.26,132.04,15.98,0.1210,-0.1139,-0.0674,-0.1362,36.00,
601016,节能风电,电力行业,34.10,19.12,1.09,46.27,13.30,0.2875,0.0034,-0.0719,-0.0833,36.00,
002124,天邦食品,农牧饲渔,67.19,17.72,1.56,92.16,14.59,0.1583,-0.0769,-0.0483,-0.2312,36.00,
601163,三角轮胎,橡胶制品,73.20,12.56,0.83,98.64,11.03,0.1118,0.0546,-0.0232,-0.0709,36.00,
601158,重庆水务,公用事业,55.68,20.46,1.24,73.74,7.85,0.1065,-0.0574,-0.0828,-0.0903,36.00,
601375,中原证券,证券,14.39,38.72,1.40,18.37,2.46,0.1338,0.0561,-0.0356,-0.0979,36.00,
688739,成大生物,生物制品,10.96,48.93,1.15,14.69,3.43,0.2333,-0.0156,-0.0249,-0.1239,36.00,
002500,山西证券,证券,24.59,22.26,1.19,34.45,7.12,0.2066,0.0413,-0.0532,-0.1077,36.00,
002673,西部证券,证券,43.35,21.46,1.20,66.16,14.03,0.2121,0.0311,-0.0668,-0.1450,36.00,
000913,钱江摩托,交运设备,44.26,19.30,1.75,55.33,6.77,0.1223,0.0013,-0.0411,-0.1857,36.00,
002936,郑州银行,银行,93.95,5.77,0.38,132.31,18.76,0.1418,-0.1023,-0.0896,-0.1460,36.00,
000650,仁和药业,中药,28.33,15.70,1.25,37.58,4.82,0.1282,0.0309,-0.0224,-0.1923,36.00,
600269,赣粤高速,铁路公路,43.99,5.58,0.61,58.23,12.79,0.2197,0.0078,-0.0038,-0.0665,36.00,
300146,汤臣倍健,食品饮料,49.15,16.91,1.81,60.20,6.53,0.1084,0.0643,-0.0250,-0.0736,36.00,
600864,哈投股份,证券,18.44,19.24,1.05,27.87,3.43,0.1229,0.1258,-0.0373,-0.1857,36.00,
600054,黄山旅游,旅游酒店,15.35,24.30,1.72,20.55,3.15,0.1533,-0.0326,-0.0209,-0.1405,36.00,
600012,皖通高速,铁路公路,53.86,12.74,2.02,69.78,16.69,0.2392,-0.1037,-0.0207,-0.1780,36.00,
000537,中绿电,电力行业,37.07,15.87,0.85,46.23,10.09,0.2182,-0.0351,-0.0844,-0.1270,36.00,
601827,三峰环境,环保行业,41.55,9.39,1.16,56.28,11.68,0.2076,0.0049,-0.0036,-0.0708,36.00,
601788,光大证券,证券,81.89,22.80,1.37,113.81,30.58,0.2687,0.0000,-0.0576,-0.1456,36.00,
000563,陕国投Ａ,多元金融,21.61,13.32,0.95,30.72,13.61,0.4430,-0.0198,-0.0674,-0.1059,36.00,
300160,秀强股份,家电行业,12.37,18.44,1.61,16.91,2.19,0.1298,-0.1226,-0.0268,-0.2023,36.00,
000598,兴蓉环境,公用事业,65.48,8.94,1.08,93.84,19.96,0.2127,-0.0562,-0.0014,-0.0736,36.00,
600906,财达证券,证券,20.72,24.85,1.79,28.11,6.87,0.2443,-0.0188,-0.0825,-0.1439,36.00,
002508,老板电器,家电行业,73.12,11.80,1.60,111.29,15.77,0.1417,0.0461,-0.0991,-0.1607,36.00,
002053,云南能投,综合行业,19.23,35.48,1.45,27.94,6.75,0.2416,0.0552,-0.0185,-0.2221,36.00,
688563,航材股份,航天航空,20.39,47.98,2.46,27.75,5.81,0.2094,0.0334,-0.0181,-0.0485,36.00,
600032,浙江新能,电力行业,38.55,21.62,1.37,49.00,5.67,0.1156,-0.0589,-0.0367,-0.1842,36.00,
000591,太阳能,电力行业,41.01,11.63,0.72,53.67,12.25,0.2283,-0.0045,-0.0729,-0.0937,36.00,
601236,红塔证券,证券,17.62,33.64,1.57,21.59,7.64,0.3538,-0.0120,-0.0072,-0.1604,36.00,
301589,诺瓦星云,计算机设备,24.15,25.52,3.96,33.23,5.93,0.1785,0.0946,-0.0812,-0.1088,36.00,
600004,白云机场,航空机场,56.97,16.62,1.18,78.20,9.26,0.1184,0.0420,-0.0187,-0.0881,36.00,
300481,濮阳惠成,电子化学品,10.69,31.33,1.89,13.96,1.92,0.1372,0.1021,-0.0815,-0.1175,36.00,
600009,上海机场,航空机场,97.14,37.45,1.94,128.92,19.34,0.1500,0.0588,-0.0342,-0.0575,36.00,
300174,元力股份,化学制品,14.08,24.59,1.63,18.94,2.84,0.1502,-0.0190,-0.0881,-0.1555,36.00,
000958,电投产融,电力行业,36.50,42.70,1.78,54.42,10.44,0.1918,-0.0564,-0.0151,-0.1466,36.00,
603868,飞科电器,家电行业,30.40,28.87,5.38,38.66,4.58,0.1184,0.1269,-0.0218,-0.1479,36.00,
603209,兴通股份,航运港口,11.83,19.15,1.49,15.36,3.50,0.2282,-0.0104,-0.0269,-0.1577,36.00,
002790,瑞尔特,装修建材,13.63,43.01,1.67,20.12,1.81,0.0900,0.1497,0.0847,-0.2970,35.90,
301439,泓淋电力,电网设备,29.62,30.74,1.98,38.22,1.97,0.0514,-0.1401,0.0938,-0.2540,35.60,
603005,晶方科技,半导体,10.66,49.74,4.00,13.66,2.53,0.1850,0.0247,-0.0121,-0.2540,35.40,
688798,艾为电子,半导体,21.76,47.98,4.23,27.43,2.55,0.0929,0.1510,-0.0362,-0.2380,35.40,
002906,华阳集团,汽车零部件,87.91,21.70,2.40,121.07,6.51,0.0538,-0.0083,-0.0150,-0.1563,35.30,
605333,沪光股份,汽车零部件,58.38,24.81,4.11,82.20,6.70,0.0816,0.1362,-0.0654,-0.2289,35.30,
603662,柯力传感,仪器仪表,10.82,58.30,7.17,14.58,2.61,0.1787,0.1566,0.0282,-0.1975,35.00,
002543,万和电气,家电行业,55.24,11.91,1.50,76.32,6.58,0.0862,-0.0825,0.0220,-0.2608,35.00,
300054,鼎龙股份,电子化学品,26.98,51.86,7.25,36.10,5.21,0.1442,0.3291,0.4240,-0.0327,35.00,
001328,登康口腔,美容护理,12.28,37.06,4.60,17.35,1.61,0.0929,-0.1557,0.2683,-0.2890,35.00,
300119,瑞普生物,农药兽药,25.44,18.46,1.91,33.73,3.01,0.0892,-0.0337,0.0170,-0.2761,35.00,
300811,铂科新材,小金属,13.01,53.29,7.20,17.37,3.76,0.2163,0.6067,0.2749,-0.1500,35.00,
300130,新国都,计算机设备,23.43,28.14,3.53,30.46,2.34,0.0769,-0.2363,0.1118,-0.2813,35.00,
600681,百川能源,燃气,36.88,21.69,1.56,52.93,3.19,0.0603,0.1493,0.2216,-0.2555,35.00,
600101,明星电力,电力行业,23.31,21.30,1.63,30.38,2.09,0.0689,-0.2198,0.0188,-0.2828,35.00,
601022,宁波远洋,航运港口,45.09,16.87,1.99,60.12,5.54,0.0921,-0.0508,0.1212,-0.2742,35.00,
603518,锦泓集团,纺织服装,28.34,22.13,0.93,43.07,3.06,0.0711,-0.0081,0.1804,-0.2718,35.00,
300699,光威复材,化学制品,19.86,59.06,5.92,25.34,7.41,0.2925,0.2877,0.2107,-0.0187,35.00,
001333,光华股份,化学制品,11.92,25.96,1.59,16.63,1.46,0.0880,0.0405,0.2126,-0.2558,35.00,
600186,莲花控股,食品饮料,24.91,31.49,5.57,32.02,2.03,0.0633,-0.0067,0.1191,-0.2572,35.00,
000597,东北制药,化学制药,54.78,32.47,1.39,68.47,4.10,0.0599,-0.0150,-0.0169,-0.1926,34.80,
000756,新华制药,化学制药,67.63,31.36,2.08,84.95,4.70,0.0553,-0.0324,-0.0045,-0.1458,34.80,
300679,电连技术,消费电子,40.39,42.92,4.24,53.68,6.22,0.1159,0.1778,-0.0927,-0.2767,34.50,
300604,长川科技,半导体,37.79,58.11,15.36,48.85,4.58,0.0938,1.3610,1.3134,-0.0052,34.40,
688209,英集芯,半导体,11.69,57.62,4.14,15.75,1.24,0.0789,0.1556,0.0892,-0.1645,34.40,
300442,润泽科技,互联网服务,39.77,13.40,6.20,48.85,17.90,0.3665,0.0744,-0.0834,-0.2685,34.30,
002516,旷达科技,汽车零部件,17.14,53.95,2.61,22.81,1.63,0.0717,0.2854,0.1513,-0.0134,34.30,
002535,林州重机,专用设备,11.70,33.25,4.46,15.30,0.95,0.0623,-0.0051,-0.0574,-0.2167,34.20,
601038,一拖股份,专用设备,97.03,11.95,2.02,108.70,9.22,0.0848,0.0838,-0.0903,-0.0903,34.20,
603082,北自科技,通用设备,14.02,38.28,3.76,20.11,1.70,0.0846,-0.0170,-0.0147,-0.1995,34.00,
002281,光迅科技,通信设备,85.32,59.28,5.81,114.26,6.61,0.0579,0.5269,0.3561,-0.0504,34.00,
603180,金牌家居,装修建材,23.68,36.31,1.13,34.26,1.99,0.0582,0.0474,-0.0315,-0.1430,33.90,
301291,明阳电气,电网设备,52.00,21.50,2.73,75.54,6.63,0.0877,0.1042,-0.0158,-0.2112,33.60,
600312,平高电气,电网设备,84.36,17.98,2.07,129.52,10.23,0.0790,0.1361,-0.0560,-0.1120,33.60,
000400,许继电气,电网设备,94.54,21.86,2.22,169.57,11.17,0.0659,0.1819,-0.0776,-0.1258,33.60,
600237,铜峰电子,电子元件,10.72,53.04,2.94,13.97,0.96,0.0685,0.2325,0.1636,-0.0647,33.60,
300857,协创数据,消费电子,83.31,58.35,13.82,103.46,6.92,0.0669,0.9324,1.1167,-0.1379,33.50,
002925,盈趣科技,消费电子,28.82,56.55,2.88,39.16,2.52,0.0642,0.0237,0.0774,-0.1975,33.50,
301110,青木科技,互联网服务,10.21,56.28,4.10,13.66,0.91,0.0663,0.2085,0.2177,-0.2211,33.30,
688518,联赢激光,专用设备,22.48,58.28,2.62,31.97,1.66,0.0518,0.1929,0.3873,-0.1328,33.20,
600765,中航重机,航天航空,77.76,36.53,2.11,98.07,6.40,0.0652,0.1660,-0.0294,-0.0721,33.00,
300347,泰格医药,医疗服务,50.26,35.84,2.30,65.61,4.05,0.0617,0.0687,-0.0716,-0.1894,33.00,
600817,宇通重工,工程机械,23.91,24.38,2.50,36.84,2.27,0.0616,-0.0130,-0.0828,-0.1744,33.00,
300002,神州泰岳,游戏,40.68,23.06,2.94,60.07,14.28,0.2377,-0.0980,-0.0944,-0.2826,33.00,
600557,康缘药业,中药,23.43,30.24,1.71,31.34,3.92,0.1251,-0.0896,-0.0035,-0.2829,33.00,
601900,南方传媒,文化传媒,62.83,10.35,1.36,89.77,8.10,0.0902,-0.1255,-0.0859,-0.2198,33.00,
600305,恒顺醋业,食品饮料,16.28,46.02,2.59,22.92,1.27,0.0556,0.0315,-0.0344,-0.0698,33.00,
603519,立霸股份,家电行业,12.31,20.32,2.69,17.13,1.59,0.0928,-0.0452,-0.0131,-0.1257,33.00,
300708,聚灿光电,光学光电子,24.99,35.98,2.94,32.37,1.96,0.0604,0.0449,-0.0370,-0.1500,33.00,
000795,英洛华,小金属,27.27,42.27,4.35,37.10,2.48,0.0668,-0.0468,-0.0216,-0.2179,33.00,
002106,莱宝高科,光学光电子,46.88,25.15,1.40,61.69,3.74,0.0607,0.0782,-0.0018,-0.1383,33.00,
600551,时代出版,文化传媒,54.92,15.11,0.95,75.47,4.00,0.0529,-0.0804,-0.0824,-0.1858,33.00,
600572,康恩贝,中药,49.76,14.48,1.60,65.78,6.22,0.0946,0.0000,-0.0389,-0.0787,33.00,
002267,陕天然气,燃气,59.57,13.21,1.27,85.58,7.24,0.0846,-0.0347,-0.0421,-0.1925,33.00,
000750,国海证券,证券,26.17,28.93,1.21,47.28,4.28,0.0906,0.0467,-0.0554,-0.1306,33.00,
300566,激智科技,光学光电子,16.28,21.77,2.30,21.64,1.90,0.0879,-0.0218,-0.0081,-0.2049,33.00,
000156,华数传媒,文化传媒,64.07,29.86,0.93,94.53,5.34,0.0565,-0.0360,-0.0372,-0.1918,33.00,
601952,苏垦农发,农牧饲渔,68.09,31.14,1.86,102.74,7.30,0.0711,-0.0719,-0.0458,-0.1785,33.00,
300861,美畅股份,非金属材料,15.19,47.79,1.58,18.98,1.46,0.0767,0.0376,-0.0100,-0.2066,33.00,
600918,中泰证券,证券,90.05,30.20,1.18,124.73,9.37,0.0751,0.0154,-0.0294,-0.1019,33.00,
002216,三全食品,食品饮料,50.00,18.86,2.20,65.08,5.42,0.0833,0.0310,-0.0551,-0.0973,33.00,
601921,浙版传媒,文化传媒,67.56,20.42,1.27,108.55,10.83,0.0997,-0.0214,-0.0432,-0.1611,33.00,
601200,上海环境,环保行业,45.71,15.55,0.93,65.25,5.75,0.0882,-0.0012,-0.0160,-0.0782,33.00,
603689,皖天然气,燃气,38.12,12.23,1.20,53.61,3.33,0.0620,-0.0469,-0.0435,-0.1086,33.00,
603867,新化股份,化学制品,21.97,22.12,1.86,29.74,2.27,0.0763,-0.0004,-0.0215,-0.2468,33.00,
600479,千金药业,中药,27.18,19.96,1.60,36.33,2.31,0.0635,-0.0184,-0.0315,-0.1043,33.00,
601880,辽港股份,航运港口,84.26,21.62,0.93,115.43,11.44,0.0991,0.0600,-0.0479,-0.1497,33.00,
600017,日照港,航运港口,56.62,13.14,0.65,78.42,6.55,0.0835,-0.0447,-0.0417,-0.1075,33.00,
603237,五芳斋,食品饮料,19.85,13.98,1.85,21.89,1.42,0.0649,-0.0242,-0.0821,-0.2409,33.00,
301058,中粮科工,工程建设,17.16,35.56,2.56,30.36,2.34,0.0770,-0.0189,-0.0241,-0.2074,33.00,
300664,鹏鹞环保,环保行业,11.36,11.23,0.92,17.33,1.59,0.0917,-0.0237,-0.0514,-0.1481,33.00,
001213,中铁特货,物流行业,84.53,28.49,0.94,118.53,6.67,0.0563,-0.0122,-0.0265,-0.1583,33.00,
002722,物产金轮,纺织服装,18.11,25.63,1.16,23.10,1.58,0.0682,-0.0518,-0.0391,-0.2271,33.00,
300387,富邦科技,化肥行业,10.16,22.74,1.65,13.21,0.94,0.0709,-0.1000,-0.0397,-0.1802,33.00,
688639,华恒生物,化学制品,21.94,36.38,3.03,28.32,1.90,0.0669,0.0450,-0.0284,-0.1677,33.00,
600283,钱江水利,公用事业,16.79,20.70,1.63,24.37,2.15,0.0883,-0.0986,-0.0433,-0.1454,33.00,
002959,小熊电器,家电行业,36.91,20.20,2.32,53.10,2.88,0.0542,-0.1082,-0.0377,-0.2447,33.00,
002381,双箭股份,橡胶制品,19.61,37.85,1.28,27.40,1.54,0.0561,-0.0324,-0.0380,-0.0848,33.00,
600717,天津港,航运港口,93.72,12.41,0.65,124.60,9.94,0.0797,-0.0367,-0.0747,-0.1920,33.00,
001205,盛航股份,航运港口,10.79,32.87,1.54,14.48,1.37,0.0947,0.0466,-0.0328,-0.1118,33.00,
000025,特  力Ａ,珠宝首饰,11.67,45.59,4.16,17.13,1.37,0.0798,0.0128,-0.0191,-0.1735,33.00,
000507,珠海港,航运港口,32.44,14.47,0.88,43.35,2.92,0.0674,-0.0596,-0.0262,-0.1459,33.00,
001387,雪祺电气,家电行业,14.12,41.04,2.03,19.53,1.02,0.0523,-0.0334,-0.0759,-0.1604,33.00,
600833,第一医药,医药商业,15.39,40.67,2.49,20.85,1.63,0.0782,0.0402,-0.0919,-0.1441,33.00,
600796,钱江生化,环保行业,11.99,25.80,1.52,16.66,1.60,0.0960,0.0067,-0.0322,-0.1162,33.00,
000529,广弘控股,食品饮料,16.89,39.32,1.11,21.42,1.22,0.0568,-0.0274,-0.0050,-0.0794,33.00,
002697,红旗连锁,商业百货,71.08,15.81,1.72,94.65,5.21,0.0551,0.0921,-0.0050,-0.1565,33.00,
000690,宝新能源,电力行业,67.54,8.39,0.73,85.52,7.06,0.0825,-0.1097,-0.0786,-0.1440,33.00,
301327,华宝新能,电源设备,29.42,53.92,1.65,44.15,2.40,0.0543,0.1558,0.0419,-0.2359,32.80,
688617,惠泰医疗,医疗器械,18.67,41.26,11.47,24.08,6.73,0.2795,-0.1567,-0.0113,-0.2674,32.10,
000061,农 产 品,贸易行业,51.98,59.58,2.50,70.07,3.84,0.0548,0.6321,0.4486,0.0000,32.00,
300727,润禾材料,化学制品,10.29,51.42,5.03,13.63,0.96,0.0706,0.3807,0.4975,-0.2225,32.00,
603505,金石资源,采掘行业,27.58,50.87,8.86,36.81,2.57,0.0698,0.2685,0.0591,-0.0709,32.00,
001288,运机集团,工程机械,12.32,51.20,3.34,19.00,1.57,0.0828,0.5660,0.3705,-0.0899,32.00,
301127,武汉天源,环保行业,11.62,56.62,3.21,19.21,3.33,0.1734,-0.0860,0.0335,-0.2530,32.00,
002675,东诚药业,化学制药,20.43,55.41,2.52,27.50,1.84,0.0669,-0.0742,0.0679,-0.2695,30.80,
301382,蜂助手,互联网服务,15.51,55.42,5.36,19.95,1.34,0.0671,0.1754,0.4620,-0.2971,30.30,
000738,航发控制,航天航空,39.68,51.47,2.20,52.39,7.50,0.1432,0.0455,-0.0229,-0.0542,30.00,
002615,哈尔斯,家用轻工,24.37,26.61,2.09,34.01,2.87,0.0843,-0.1170,-0.0354,-0.2852,30.00,
300888,稳健医疗,美容护理,78.97,22.71,1.93,108.05,6.95,0.0644,-0.0340,-0.0551,-0.2859,30.00,
688608,恒玄科技,半导体,29.33,58.27,5.61,37.23,4.60,0.1237,0.0221,-0.0290,-0.2713,29.40,
603219,富佳股份,家电行业,22.91,58.78,5.70,31.35,1.81,0.0578,0.1410,0.1571,-0.2727,29.00,
300758,七彩化学,化学制品,11.19,52.62,2.87,15.33,1.25,0.0815,-0.1421,0.0234,-0.2920,29.00,
002655,共达电声,消费电子,10.41,55.77,6.41,13.79,0.79,0.0572,0.0086,-0.0608,-0.2158,28.50,
