股票代码,股票名称,行业,低点日期,首次十倍日期,用时(天),低点收盘价(前复权),十倍日收盘价(前复权),倍数,低点收盘价(不复权),十倍日收盘价(不复权),低点总股本(股),十倍日总股本(股),低点总市值(元),十倍日总市值(元)
000733,振华科技,电子元件,2019-01-02,2021-07-26,936,8.0200,80.8100,10.0761,11.0100,83.5500,514805618,514805618,5668009854.18,43012009383.90
001696,宗申动力,交运设备,2019-01-02,2024-10-28,2126,2.6200,27.2500,10.4008,4.4000,27.4500,1145026920,1145026920,5038118448.00,31430988954.00
002080,中材科技,玻璃玻纤,2019-01-02,2021-09-07,979,3.2900,33.8400,10.2857,8.0800,35.9200,1290864296,1678123584,10430183511.68,60278199137.28
002088,鲁阳节能,装修建材,2019-01-02,2021-08-12,953,1.4900,14.9700,10.0470,8.5700,25.3000,361702033,361684133,3099786422.81,9150608564.90
002130,沃尔核材,非金属材料,2019-01-02,2024-12-26,2185,2.7700,28.2300,10.1913,3.2000,28.3700,1261849062,1259898562,4037916998.40,35743322203.94
002149,西部材料,小金属,2019-01-02,2025-12-24,2548,4.0800,42.0000,10.2941,5.2800,42.0000,425414274,488214274,2246187366.72,20504999508.00
002326,永太科技,化学制品,2019-01-02,2021-09-10,982,5.8900,64.4600,10.9440,6.9700,64.6600,817463027,876566295,5697717298.19,56678776634.70
002351,漫步者,消费电子,2019-01-02,2020-06-02,517,2.0700,20.7300,10.0145,4.9000,21.7600,595370000,889147500,2917313000.00,19347849600.00
002402,和而泰,消费电子,2019-01-02,2025-09-24,2457,5.5600,56.0000,10.0719,6.2100,56.0000,914016928,924806285,5676045122.88,51789151960.00
002459,晶澳科技,光伏设备,2019-01-02,2021-08-10,951,3.3400,34.1600,10.2275,8.3300,68.5400,3312759995,3312759995,27595290758.35,227056570057.30
002568,百润股份,酿酒行业,2019-01-02,2020-07-13,558,2.6100,26.3500,10.0958,8.8700,55.0000,535852426,535852426,4753011018.62,29471883430.00
002709,天赐材料,化学制品,2019-01-02,2020-12-14,712,2.5800,26.3600,10.2171,21.3200,94.0600,1924156460,1924156460,41023015727.20,180986156627.60
300033,同花顺,软件开发,2019-01-02,2024-11-05,2134,26.0900,265.4000,10.1725,38.2200,268.5000,537600000,537600000,20547072000.00,144345600000.00
300035,中科电气,非金属材料,2019-01-02,2021-10-27,1029,3.6200,36.3600,10.0442,4.5000,37.0500,642582824,642365824,2891622708.00,23799653779.20
300346,南大光电,电子化学品,2019-01-02,2021-07-28,938,3.2700,36.9100,11.2875,8.8900,58.3000,543702550,543702550,4833515669.50,31697858665.00
300661,圣邦股份,半导体,2019-01-02,2020-07-01,546,8.0900,82.4500,10.1916,66.4600,316.3000,469630612,469630612,31211650473.52,148544162575.60
300672,国科微,半导体,2019-01-02,2021-11-12,1045,20.6100,211.3000,10.2523,35.6800,212.6000,180423140,180107101,6437497635.20,38290769672.60
300677,英科医疗,医疗器械,2019-01-02,2020-05-26,510,2.4700,25.4000,10.2834,14.6800,76.4500,646189486,646189486,9486061654.48,49401186204.70
300718,长盛轴承,工程机械,2019-01-02,2025-02-17,2238,7.3200,77.2000,10.5464,14.5600,77.6000,198000000,298779030,2882880000.00,23185252728.00
302132,中航成飞,航天航空,2019-01-02,2024-10-10,2108,6.3600,69.3600,10.9057,7.2200,70.0000,590760499,590760499,4265290802.78,41353234930.00
600580,卧龙电驱,电机,2019-01-02,2025-09-12,2445,4.4400,46.1500,10.3941,6.3200,46.1500,1301211586,1562117511,8223657223.52,72091723132.65
600732,爱旭股份,光伏设备,2019-01-02,2022-08-10,1316,2.8900,29.1100,10.0727,4.6700,41.3000,1828196299,1828196299,8537676716.33,75504507148.70
600845,宝信软件,互联网服务,2019-01-02,2021-07-29,939,3.5800,36.3400,10.1508,21.3800,72.7500,1976180107,1976180107,42250730687.66,143767102784.25
600971,恒源煤电,煤炭行业,2019-01-02,2023-11-10,1773,0.8300,8.4000,10.1205,5.6100,9.7200,1000004070,1200004884,5610022832.70,11664047472.48
601012,隆基绿能,光伏设备,2019-01-02,2021-06-29,909,6.2400,62.6700,10.0433,17.3700,88.8000,7581512813,7581512813,131690877561.81,673238337794.40
601208,东材科技,塑料制品,2019-01-02,2025-09-22,2455,2.2600,22.7800,10.0796,3.6400,22.7800,916951112,1018117834,3337702047.68,23192724258.52
603026,石大胜华,化学制品,2019-01-02,2021-07-02,912,16.9900,172.4100,10.1477,18.8300,173.0500,202680000,202680000,3816464400.00,35073774000.00
603129,春风动力,交运设备,2019-01-02,2020-06-18,533,6.1800,62.5500,10.1214,15.9100,71.5500,134596400,134378200,2141428724.00,9614760210.00
603979,金诚信,采掘行业,2019-01-02,2025-08-29,2431,6.2300,63.7500,10.2327,7.3300,63.7500,593964099,623777888,4353756845.67,39765840360.00
000568,泸州老窖,酿酒行业,2019-01-03,2020-10-28,664,14.1200,141.8300,10.0446,38.1300,162.7000,1471957410,1471957410,56125736043.30,239487470607.00
000756,新华制药,化学制药,2019-01-03,2022-12-16,1443,4.3000,45.3800,10.5535,5.5400,46.1000,621859447,669627235,3445101336.38,30869815533.50
000799,酒鬼酒,酿酒行业,2019-01-03,2020-11-05,672,10.3500,105.1000,10.1546,15.6000,110.0000,324928980,324928980,5068892088.00,35742187800.00
000858,五 粮 液,酿酒行业,2019-01-03,2020-10-29,665,22.6800,227.6200,10.0362,48.9600,250.0000,3881608005,3881608005,190043527924.80,970402001250.00
000921,海信家电,家电行业,2019-01-03,2024-04-03,1917,2.9400,29.9300,10.1803,6.9600,32.1700,1362725370,1387935370,9484568575.20,44649880852.90
002271,东方雨虹,装修建材,2019-01-03,2021-01-07,735,4.1400,43.1700,10.4275,12.4100,46.9000,2523561412,2523561412,31317397122.92,118355030222.80
002371,北方华创,半导体,2019-01-03,2021-07-22,931,26.2600,276.0700,10.5129,38.1600,375.1800,530133152,530133152,20229881080.32,198895355967.36
002463,沪电股份,电子元件,2019-01-03,2025-01-22,2211,4.4300,45.0800,10.1761,6.8000,45.5800,1908401658,1918599320,12977131274.40,87449757005.60
002487,大金重工,风电设备,2019-01-03,2021-10-20,1021,2.9200,29.6000,10.1370,3.3600,30.0000,554718000,555664000,1863852480.00,16669920000.00
002518,科士达,电源设备,2019-01-03,2022-10-18,1384,5.2400,52.9800,10.1107,7.1200,54.0100,582445394,582445394,4147011205.28,31457875729.94
002541,鸿路钢构,水泥建材,2019-01-03,2020-08-03,578,3.4900,35.8800,10.2808,6.8200,48.6800,523718853,523718853,3571762577.46,25494633764.04
002555,三七互娱,游戏,2019-01-03,2020-06-30,544,4.1600,42.5400,10.2260,9.0200,46.8000,2112251697,2112251697,19052510306.94,98853379419.60
002605,姚记科技,游戏,2019-01-03,2020-07-14,558,4.2400,43.0500,10.1533,7.1900,45.5000,411731190,411731190,2960347256.10,18733769145.00
002648,卫星化学,化学原料,2019-01-03,2021-08-03,943,1.8800,19.0300,10.1223,9.3200,39.9500,1720071529,1720071529,16031066650.28,68716857583.55
002714,牧原股份,农牧饲渔,2019-01-03,2021-02-08,767,7.4300,78.8100,10.6070,28.6000,116.4000,5465350691,5465350691,156309029762.60,636166820432.40
002791,坚朗五金,装修建材,2019-01-03,2020-05-28,511,8.2700,83.5400,10.1016,9.8200,84.9900,321540000,321540000,3157522800.00,27327684600.00
002837,英维克,专用设备,2019-01-03,2024-12-26,2184,2.8800,31.4900,10.9340,14.8000,41.1400,564976399,743822694,8361650705.20,30600865631.16
002920,德赛西威,汽车零部件,2019-01-03,2021-11-29,1061,13.6500,139.0300,10.1853,17.3900,142.0700,550000000,550000000,9564500000.00,78138500000.00
300223,北京君正,半导体,2019-01-03,2021-07-28,937,17.4500,187.7500,10.7593,18.1800,188.3200,450795575,468977393,8195463553.50,88317822649.76
300255,常山药业,化学制药,2019-01-03,2025-06-06,2346,3.9600,43.4100,10.9621,4.0300,43.4100,934966878,919060878,3767916518.34,39896432713.98
300274,阳光电源,光伏设备,2019-01-03,2020-11-03,670,2.9600,29.7600,10.0541,8.4900,45.7800,1485215984,1485215984,12609483704.16,67993187747.52
300394,天孚通信,通信设备,2019-01-03,2023-06-12,1621,4.1200,42.2600,10.2573,23.6100,86.2100,391546193,394758977,9244405616.73,34032171407.17
300395,菲利华,非金属材料,2019-01-03,2025-08-13,2414,8.5800,91.1600,10.6247,14.4600,91.1600,337948844,522267673,4886740284.24,47609921070.68
300502,新易盛,通信设备,2019-01-03,2023-04-20,1568,4.1200,41.6300,10.1044,18.6500,82.5700,507086219,507086219,9457157984.35,41870109102.83
300660,江苏雷利,电机,2019-01-03,2025-09-16,2448,5.7200,61.8400,10.8112,18.5100,61.9900,259372220,447136548,4800979792.20,27717994610.52
600295,鄂尔多斯,钢铁行业,2019-01-03,2019-01-07,4,0.0100,0.1300,13.0000,7.5100,7.7500,1032000000,1032000000,7750320000.00,7998000000.00
600438,通威股份,光伏设备,2019-01-03,2020-11-02,669,2.6800,27.2900,10.1828,7.9400,32.2000,4501969638,4501969638,35745638925.72,144963422343.60
600809,山西汾酒,酿酒行业,2019-01-03,2020-05-18,501,6.7600,68.8700,10.1879,33.0800,119.2900,865848266,871528266,28642260639.28,103964606851.14
601058,赛轮轮胎,橡胶制品,2019-01-03,2021-05-26,874,0.9600,9.7100,10.1146,2.2600,10.8600,2700260678,3064174772,6102589132.28,33276938023.92
601100,恒立液压,工程机械,2019-01-03,2020-11-09,676,8.2500,83.9300,10.1733,18.5100,87.5800,882000000,1305360000,16325820000.00,114323428800.00
601633,长城汽车,汽车整车,2019-01-03,2020-12-28,725,3.3400,33.6100,10.0629,5.5800,35.3100,8556164379,8556164379,47743397234.82,302118164222.49
603198,迎驾贡酒,酿酒行业,2019-01-03,2021-12-08,1070,6.5500,70.6600,10.7878,13.4500,75.4600,800000000,800000000,10760000000.00,60368000000.00
603345,安井食品,食品饮料,2019-01-03,2021-01-29,757,23.5600,236.9600,10.0577,34.2500,246.8000,216042409,239442061,7399452508.25,59094300654.80
603360,百傲化学,农药兽药,2019-01-03,2024-11-06,2134,1.5100,16.3800,10.8477,11.5800,23.5300,186676000,504445467,2161708080.00,11869601838.51
603444,吉比特,游戏,2019-01-03,2025-09-24,2456,58.9900,620.5200,10.5191,148.5000,626.5000,71882225,72041101,10674510412.50,45133749776.50
603456,九洲药业,化学制药,2019-01-03,2021-04-20,838,4.0400,41.3600,10.2376,6.2800,43.2000,832596130,832596130,5228703696.40,35968152816.00
603606,东方电缆,电网设备,2019-01-03,2021-11-04,1036,4.9300,49.5000,10.0406,8.9300,51.0000,503157324,654111982,4493194903.32,33359711082.00
603688,石英股份,非金属材料,2019-01-03,2020-02-14,407,1.1600,11.7000,10.0862,10.5800,26.2500,337296600,337296600,3568598028.00,8854035750.00
603737,三棵树,装修建材,2019-01-03,2020-07-30,574,5.1900,52.8700,10.1869,35.0100,147.9600,133128915,260716361,4660843314.15,38575592773.56
603806,福斯特,光伏设备,2019-01-03,2021-07-30,939,4.7300,48.2000,10.1903,26.4100,134.0500,769552372,951103748,20323878144.52,127495457419.40
000708,中信特钢,钢铁行业,2019-01-04,2019-10-28,297,0.7500,7.5300,10.0400,8.9700,19.7000,2968907902,2968907902,26631103880.94,58487485669.40
002475,立讯精密,消费电子,2019-01-04,2025-09-24,2455,6.8500,70.2000,10.2482,13.2100,70.2000,7178011313,7252016127,94821529444.73,509091532115.40
600183,生益科技,电子元件,2019-01-04,2025-10-15,2476,6.0600,62.0600,10.2409,9.7100,62.0600,2309947277,2429262930,22429588059.67,150760057435.80
300757,罗博特科,专用设备,2019-01-08,2024-10-14,2106,16.4900,179.3600,10.8769,31.0500,179.4000,104000000,155038368,3229200000.00,27813883219.20
603127,昭衍新药,医疗服务,2019-01-10,2021-08-04,937,7.7300,82.9200,10.7270,46.5900,229.6800,270820329,270998683,12617519128.11,62242977511.44
600399,抚顺特钢,钢铁行业,2019-01-11,2021-08-02,934,2.3700,24.4300,10.3080,2.4400,24.5000,1972100000,1972100000,4811924000.00,48316450000.00
002810,山东赫达,化学制品,2019-01-14,2021-05-24,861,4.6400,47.9200,10.3276,15.7800,82.9000,342434040,342434040,5403609151.20,28387781916.00
300390,天华新能,能源金属,2019-01-14,2019-01-23,9,0.0200,0.2700,13.5000,7.7500,8.2700,582880538,582880538,4517324169.50,4820422049.26
600132,重庆啤酒,酿酒行业,2019-01-14,2021-05-14,851,15.7000,159.4500,10.1561,29.0000,170.5500,483971198,483971198,14035164742.00,82541287818.90
603501,豪威集团,半导体,2019-01-14,2021-01-06,723,19.0200,193.9000,10.1945,28.1600,264.0000,1184259726,1184259726,33348753884.16,312644567664.00
603882,金域医学,医疗服务,2019-01-14,2021-01-22,739,15.6900,163.2900,10.4073,21.0700,168.4300,457884577,459487577,9647628037.39,77391492594.11
002812,恩捷股份,电池,2019-01-16,2021-07-07,903,24.0600,245.2800,10.1945,45.5500,247.5000,977183626,977183626,44510714164.30,241852947435.00
601225,陕西煤业,煤炭行业,2019-01-16,2019-01-29,13,0.0600,0.6500,10.8333,7.7800,8.3700,10000000000,10000000000,77800000000.00,83700000000.00
002850,科达利,电池,2019-01-17,2021-10-15,1002,13.9300,143.5000,10.3015,18.5300,147.5000,234500856,234500856,4345300861.68,34588876260.00
300014,亿纬锂能,电池,2019-01-17,2020-11-13,666,6.5000,65.8100,10.1246,15.5400,67.4000,2045721497,2045721497,31790512063.38,137881628897.80
002756,永兴材料,钢铁行业,2019-01-21,2019-02-14,24,0.0700,1.3200,18.8571,12.8800,14.5000,384430245,384430245,4951461555.60,5574238552.50
300316,晶盛机电,光伏设备,2019-01-23,2021-08-30,950,7.0700,74.9700,10.6040,9.2300,76.8000,1284489364,1285563394,11855836829.72,98731268659.20
300759,康龙化成,医疗服务,2019-01-28,2020-06-23,512,3.8500,39.5800,10.2805,11.0300,91.3000,794387462,794387462,8762093705.86,72527575280.60
002384,东山精密,电子元件,2019-01-29,2025-12-29,2526,8.6700,88.0000,10.1499,9.5000,88.0000,1606572477,1831607532,15262438531.50,161181462816.00
300260,新莱应材,通用设备,2019-01-29,2022-08-10,1289,4.5900,46.3600,10.1002,8.9600,83.8300,201940000,226559307,1809382400.00,18992466705.81
300492,华图山鼎,工程咨询服务,2019-01-29,2024-02-29,1857,6.9600,70.5000,10.1293,19.0500,99.6600,83200000,140486470,1584960000.00,14000881600.20
300595,欧普康视,医疗器械,2019-01-29,2021-02-10,743,8.7100,88.5400,10.1653,36.7700,125.2600,850508170,850508170,31273185410.90,106534653374.20
601899,紫金矿业,有色金属,2019-01-29,2024-03-07,1864,1.3800,13.9300,10.0942,2.9500,14.7300,26327602240,26326571240,77666426608.00,387790394365.20
002241,歌尔股份,消费电子,2019-01-30,2021-12-08,1043,5.4100,54.1100,10.0018,6.6000,54.9500,3416818902,3416818902,22551004753.20,187754198664.90
300475,香农芯创,电子元件,2019-01-30,2023-07-13,1625,3.8700,42.5200,10.9871,8.0800,42.7800,200000000,457565767,1616000000.00,19574663512.26
300548,长芯博创,通信设备,2019-01-30,2025-08-20,2394,10.0400,106.3200,10.5896,29.0000,106.3200,286582738,291107228,8310899402.00,30950520480.96
300573,兴齐眼药,化学制药,2019-01-30,2019-04-22,82,1.0300,11.4700,11.1359,15.6700,44.3000,82365400,82365400,1290665818.00,3648787220.00
300593,新雷能,电源设备,2019-01-30,2022-08-09,1287,3.4300,34.8500,10.1603,15.2100,45.5500,264863040,372379436,4028566838.40,16961883309.80
300638,广和通,通信设备,2019-01-30,2025-02-07,2200,3.5900,35.9500,10.0139,26.0300,36.3000,757689310,765564863,19722652739.30,27790004526.90
601567,三星医疗,电网设备,2019-01-30,2024-02-06,1833,1.9700,19.7500,10.0254,5.5100,21.7600,1417997514,1412070071,7813166302.14,30726644744.96
000155,川能动力,电力行业,2019-01-31,2021-08-25,937,3.0900,33.0700,10.7023,3.4200,33.4000,1270000000,1270000000,4343400000.00,42418000000.00
000762,西藏矿业,能源金属,2019-01-31,2021-08-19,931,5.7200,60.5200,10.5804,6.3500,61.1500,520819240,520819240,3307202174.00,31848096526.00
000807,云铝股份,有色金属,2019-01-31,2025-10-29,2463,2.3000,23.6100,10.2652,3.5300,23.6100,2606838797,3467957405,9202140953.41,81878474332.05
000893,亚钾国际,化肥行业,2019-01-31,2022-04-07,1162,3.9300,40.4200,10.2850,3.9300,40.4200,756903272,756903272,2974629858.96,30594030254.24
000995,皇台酒业,酿酒行业,2019-01-31,2021-06-09,860,3.6900,37.2600,10.0976,3.6900,37.2600,177408000,177408000,654635520.00,6610222080.00
002030,达安基因,医疗器械,2019-01-31,2020-07-13,529,1.8300,19.0600,10.4153,8.9600,35.6400,797412519,877153770,7144816170.24,31261760362.80
002261,拓维信息,软件开发,2019-01-31,2025-02-21,2213,3.9300,41.7600,10.6260,3.9300,41.7600,1255904724,1256053503,4935705565.32,52452794285.28
002270,华明装备,电网设备,2019-01-31,2023-12-14,1778,1.2800,12.8100,10.0078,4.0600,14.3000,759239130,896225431,3082510867.80,12816023663.30
002315,焦点科技,互联网服务,2019-01-31,2023-04-26,1546,2.8500,29.0800,10.2035,11.3300,31.7800,305500000,311297197,3461315000.00,9893024920.66
002335,科华数据,电源设备,2019-01-31,2025-09-12,2416,6.8800,69.0400,10.0349,14.4200,69.0400,271510230,515414041,3915177516.60,35584185390.64
002460,赣锋锂业,能源金属,2019-01-31,2021-07-12,893,11.0800,116.8200,10.5433,19.4400,166.8800,2016534159,2016534159,39201424050.96,336519220453.92
002683,广东宏大,采掘行业,2019-01-31,2020-08-03,550,5.4700,58.4800,10.6910,8.0400,60.7000,749412187,749412187,6025273983.48,45489319750.90
002847,盐津铺子,食品饮料,2019-01-31,2020-06-01,487,4.5900,47.0900,10.2593,20.2900,108.8400,196192485,196192485,3980745520.65,21353590067.40
002884,凌霄泵业,通用设备,2019-01-31,2021-12-21,1055,2.2800,23.0300,10.1009,20.8600,27.0300,192686796,355597743,4019446564.56,9611806993.29
300151,昌红科技,专用设备,2019-01-31,2021-12-03,1037,4.2000,42.1700,10.0405,5.0300,42.7300,502506221,502506221,2527606291.63,21472090823.33
300158,振东制药,化学制药,2019-01-31,2022-03-24,1148,0.6800,7.1100,10.4559,3.6000,9.8100,1033054660,1027494660,3718996776.00,10079722614.60
300171,东富龙,医疗器械,2019-01-31,2021-07-29,910,4.8100,48.3400,10.0499,6.2000,49.4000,628337040,628337040,3895689648.00,31039849776.00
300432,富临精工,汽车零部件,2019-01-31,2021-07-22,903,1.1900,13.5300,11.3697,5.0100,28.8600,1219187766,1219187766,6108130707.66,35185758926.76
300442,润泽科技,互联网服务,2019-01-31,2024-12-13,2143,4.3500,47.5800,10.9379,11.4500,48.1100,100000000,1721481649,1145000000.00,82820482133.39
300468,四方精创,软件开发,2019-01-31,2025-06-17,2329,3.7500,38.6200,10.2987,11.0000,38.6200,194220862,530649275,2136429482.00,20493675000.50
300489,光智科技,光学光电子,2019-01-31,2024-10-22,2091,7.4000,81.6400,11.0324,11.1000,81.6400,90750000,137672835,1007325000.00,11239610249.40
300526,中潜退,-,2019-01-31,2020-03-17,411,8.9000,89.0900,10.0101,10.7500,107.0000,171464816,170660816,1843246772.00,18260707312.00
300552,万集科技,软件开发,2019-01-31,2020-01-13,347,5.9700,60.4800,10.1307,13.5200,111.6300,197887680,197887680,2675441433.60,22090201718.40
300576,容大感光,电子化学品,2019-01-31,2024-11-05,2105,4.4900,45.3200,10.0935,12.9800,54.4700,213454755,295708699,2770642719.90,16107252834.53
300598,诚迈科技,软件开发,2019-01-31,2020-01-15,349,7.1800,77.5100,10.7953,18.6000,196.8600,105540828,105540828,1963059400.80,20776767400.08
300604,长川科技,半导体,2019-01-31,2022-09-05,1313,6.4100,66.4300,10.3635,24.8600,66.7300,604328728,604328728,15023612178.08,40326856019.44
300622,博士眼镜,商业百货,2019-01-31,2024-12-20,2150,4.3400,43.8200,10.0968,15.9200,57.0700,173833611,175302931,2767431087.12,10004538272.17
300671,富满微,半导体,2019-01-31,2021-06-29,880,10.6100,109.4000,10.3110,14.3800,109.7000,157655765,204952494,2267089900.70,22483288591.80
300680,隆盛科技,汽车零部件,2019-01-31,2025-09-12,2416,5.2600,55.4300,10.5380,15.1300,55.4300,133762897,227716078,2023832631.61,12622302203.54
600211,西藏药业,生物制品,2019-01-31,2020-07-29,545,9.0600,93.4400,10.3135,28.0300,128.6900,179619205,247937843,5034726316.15,31907121015.67
600418,江淮汽车,汽车整车,2019-01-31,2024-11-11,2111,4.2400,45.9000,10.8255,4.3300,45.9000,1893312117,2184009791,8198041466.61,100246049406.90
600610,中毅达,化学原料,2019-01-31,2021-07-21,902,1.6900,16.9900,10.0533,1.6900,16.9900,1071274605,1071274605,1810454082.45,18200955538.95
600882,妙可蓝多,食品饮料,2019-01-31,2021-04-21,811,7.4500,74.9800,10.0644,7.4500,74.9800,409519045,415309045,3050916885.25,31139872194.10
603005,晶方科技,半导体,2019-01-31,2020-02-24,389,4.8000,49.9500,10.4063,14.4100,135.7000,234191955,229679455,3374706071.55,31167502043.50
603208,江山欧派,装修建材,2019-01-31,2020-05-28,483,6.2800,64.0700,10.2022,25.6100,151.9900,80816061,80816061,2069699322.21,12283233111.39
603229,奥翔药业,化学制药,2019-01-31,2022-03-14,1138,1.9700,20.0700,10.1878,10.6500,55.8600,160000000,287047646,1704000000.00,16034481505.56
603855,华荣股份,专用设备,2019-01-31,2023-03-08,1497,2.4000,24.5000,10.2083,7.8000,27.5000,331070000,337559000,2582346000.00,9282872500.00
603906,龙蟠科技,电池,2019-01-31,2021-07-21,902,4.3000,44.2000,10.2791,8.0300,44.3900,253896000,482091352,2038784880.00,21400035115.28
603920,世运电路,电子元件,2019-01-31,2025-09-17,2421,4.6800,49.3500,10.5449,11.0100,49.6500,532249200,720592317,5860063692.00,35777408539.05
601865,福莱特,光伏设备,2019-02-15,2020-06-24,495,1.6200,16.3100,10.0679,2.8800,17.5000,2351323762,2351323762,6771812434.56,41148165835.00
601666,平煤股份,煤炭行业,2019-02-22,2019-02-25,3,0.0100,0.2100,21.0000,3.8500,4.0500,2476312521,2476312521,9533803205.85,10029065710.05
300767,震安科技,橡胶制品,2019-03-29,2021-08-13,868,8.7700,88.9100,10.1380,27.6300,106.8800,242658183,242658183,6704645596.29,25935306599.04
300769,德方纳米,电池,2019-04-15,2021-08-12,850,10.4400,112.1800,10.7452,60.1600,325.8800,89557180,89557180,5387759948.80,29184893818.40
600546,山煤国际,煤炭行业,2019-04-24,2019-07-03,70,0.0500,0.8200,16.4000,5.3300,6.1000,1982456140,1982456140,10566491226.20,12092982454.00
000937,冀中能源,煤炭行业,2019-05-30,2020-08-18,446,0.0100,0.1900,19.0000,3.9100,3.9900,3533546850,3533546850,13816168183.50,14098851931.50
300750,宁德时代,电池,2019-06-04,2021-06-11,738,23.2600,237.4100,10.2068,66.8700,451.9800,4559310211,4559310211,304881073809.57,2060717029167.78
300476,胜宏科技,电子元件,2019-06-06,2025-03-17,2111,8.9700,91.8400,10.2386,10.2200,92.1400,779149975,862688641,7962912744.50,79488131381.74
300363,博腾股份,化学制药,2019-06-10,2021-04-20,680,5.5600,56.0500,10.0809,7.6200,57.8300,545779820,545779820,4158842228.40,31562446990.60
300751,迈为股份,光伏设备,2019-06-17,2021-07-20,764,18.9900,200.4800,10.5571,109.4200,524.0300,173011490,173011490,18930917235.80,90663211104.70
300782,卓胜微,半导体,2019-06-18,2019-11-13,148,8.1400,83.5000,10.2580,50.8200,440.5000,180000000,180000000,9147600000.00,79290000000.00
300620,光库科技,通信设备,2019-07-22,2025-09-22,2254,13.0800,138.2100,10.5665,30.8900,138.2100,164081215,249180545,5068468731.35,34439243124.45
603613,国联股份,互联网服务,2019-07-30,2021-01-11,531,4.3500,44.3800,10.2023,21.7900,137.0000,140815000,237172608,3068358850.00,32492647296.00
002245,蔚蓝锂芯,电池,2019-08-06,2021-11-30,847,3.2300,32.8300,10.1641,3.4600,33.0100,981312964,1035821526,3395342855.44,34192468573.26
300693,盛弘股份,电源设备,2019-08-06,2022-11-02,1184,3.9200,39.3100,10.0281,11.4300,60.3000,136850329,205275493,1564199260.47,12378112227.90
601689,拓普集团,汽车零部件,2019-08-06,2022-06-23,1052,4.7400,47.7400,10.0717,9.2800,71.0000,1054987749,1102046572,9790286310.72,78245306612.00
002028,思源电气,电网设备,2019-08-07,2024-10-30,1911,7.8600,79.2300,10.0802,9.5600,79.7300,763215782,776296709,7296342875.92,61894136608.57
002603,以岭药业,中药,2019-08-07,2022-12-08,1219,4.9100,50.6600,10.3177,10.0300,51.7600,1206306583,1670705376,12099255027.49,86475710261.76
603301,振德医疗,医疗器械,2019-08-07,2020-07-09,337,7.4500,80.3700,10.7879,18.6300,85.9200,140000000,198864433,2608200000.00,17086432083.36
601636,旗滨集团,玻璃玻纤,2019-08-08,2021-02-10,552,1.2600,12.9100,10.2460,3.3300,14.6800,2683499672,2683499672,8936053907.76,39393775184.96
000933,神火股份,有色金属,2019-08-09,2020-11-23,472,0.5200,5.3200,10.2308,3.7700,8.4700,1900500000,1900500000,7164885000.00,16097235000.00
300438,鹏辉能源,电池,2019-08-09,2022-09-07,1125,9.2000,94.0100,10.2185,14.3200,94.2100,448908087,461291966,6428363805.84,43458316116.86
603179,新泉股份,汽车零部件,2019-08-09,2023-08-09,1461,5.3600,54.0200,10.0784,11.7600,54.6200,226196177,487301971,2660067041.52,26616433656.02
300763,锦浪科技,光伏设备,2019-08-16,2021-01-20,523,6.5400,65.5200,10.0183,35.9700,169.9600,371370369,371370369,13358192172.93,63118107915.24
603069,海汽集团,铁路公路,2019-10-24,2020-08-07,288,5.9400,63.7600,10.7340,5.9900,63.7600,316000000,316000000,1892840000.00,20148160000.00
300799,左江退,-,2019-10-29,2023-04-24,1273,20.3400,211.9800,10.4218,30.9300,211.9800,68000000,102060000,2103240000.00,21634678800.00
688368,晶丰明源,半导体,2019-11-11,2021-07-29,626,39.0600,412.2900,10.5553,60.7000,580.0000,61600000,62030080,3739120000.00,35977446400.00
002536,飞龙股份,汽车零部件,2019-11-13,2025-08-18,2105,3.1700,32.5800,10.2776,4.3700,32.5800,500711814,574785888,2188110627.18,18726524231.04
600499,科达制造,专用设备,2019-11-15,2021-11-23,739,2.3200,23.9700,10.3319,3.8000,25.3500,1577205702,1888419929,5993381667.60,47871445200.15
601168,西部矿业,有色金属,2019-11-15,2024-04-18,1616,1.9500,19.9600,10.2359,5.2700,21.4600,2383000000,2383000000,12558410000.00,51139180000.00
002240,盛新锂能,能源金属,2019-11-18,2021-08-31,652,5.7800,58.6300,10.1436,6.7700,59.6200,865349955,865349955,5858419195.35,51592164317.10
002594,比亚迪,汽车整车,2019-11-18,2022-06-23,948,11.4300,115.0600,10.0665,42.8300,353.5000,2728142855,2911142855,116846358479.65,1029088999242.50
300803,指南针,软件开发,2019-11-18,2024-10-08,1786,6.1000,63.4000,10.3934,9.0000,91.9300,406970449,409504591,3662734041.00,37645757050.63
002432,九安医疗,医疗器械,2019-11-28,2021-11-24,727,1.0400,10.9600,10.5385,4.7400,14.6000,488289622,488289622,2314492808.28,7129028481.20
603396,金辰股份,光伏设备,2019-11-28,2021-08-24,635,15.6400,158.6700,10.1451,16.7400,159.3500,105779334,115999882,1770746051.16,18484581196.70
002932,明德生物,医疗器械,2019-11-29,2022-01-10,773,3.3400,35.4600,10.6168,33.6100,92.3100,96607205,104877931,3246968160.05,9681281810.61
603185,弘元绿能,光伏设备,2019-12-02,2020-12-07,371,5.0900,55.6900,10.9411,22.4900,116.0600,385316335,385316335,8665764374.15,44719813840.10
603200,上海洗霸,环保行业,2019-12-02,2025-09-09,2108,10.0800,106.3000,10.5456,18.0200,106.3000,101310075,175480103,1825607551.50,18653534948.90
002738,中矿资源,能源金属,2019-12-03,2022-02-21,811,4.5200,46.6000,10.3097,13.3800,95.7500,713204991,713204991,9542682779.58,68289377888.25
688036,传音控股,消费电子,2019-12-04,2021-02-09,433,15.2400,163.9300,10.7566,37.7100,245.2000,800000000,800000000,30168000000.00,196160000000.00
688202,美迪西,医疗服务,2019-12-06,2021-06-18,560,26.9900,275.9500,10.2242,55.4400,542.7700,62000000,62000000,3437280000.00,33651740000.00
688399,硕世生物,医疗器械,2019-12-09,2020-07-06,210,18.2400,184.7700,10.1299,50.5300,295.4900,58620000,58620000,2962068600.00,17321623800.00
300811,铂科新材,小金属,2019-12-30,2025-08-28,2068,7.7000,78.0000,10.1299,37.7600,78.0000,198810489,289515067,7507084064.64,22582175226.00
002517,恺英网络,游戏,2020-02-03,2025-07-01,1975,1.9600,19.9800,10.1939,2.3600,19.9800,2152517634,2136443234,5079941616.24,42686135815.32
300049,福瑞医科,医疗器械,2020-02-03,2025-08-19,2024,6.6000,72.2300,10.9439,6.8000,72.2300,263053100,264975900,1788761080.00,19139209257.00
300765,新诺威,食品饮料,2020-02-03,2025-05-22,1935,4.9500,49.5300,10.0061,32.0600,49.5500,200000000,1404592944,6412000000.00,69597580375.20
600089,特变电工,电网设备,2020-02-03,2025-11-05,2102,2.3500,24.1100,10.2596,5.7200,24.1100,3714312789,5052792571,21245869153.08,121822828886.81
000880,潍柴重机,通用设备,2020-02-04,2025-07-18,1991,3.4700,35.5300,10.2392,6.6800,50.0000,276100500,331320600,1844351340.00,16566030000.00
002006,精工科技,专用设备,2020-02-04,2021-12-01,666,3.3600,34.7000,10.3274,3.8600,35.2000,455160000,455160000,1756917600.00,16021632000.00
002290,禾盛新材,家电行业,2020-02-04,2025-10-23,2088,4.2700,43.0000,10.0703,4.2700,43.0000,242712330,248112330,1036381649.10,10668830190.00
002553,南方精工,汽车零部件,2020-02-04,2025-08-28,2032,3.6200,36.2800,10.0221,4.4200,36.2800,348000000,348000000,1538160000.00,12625440000.00
002865,钧达股份,光伏设备,2020-02-04,2022-06-13,860,7.2700,73.1300,10.0591,11.9500,103.8800,136883916,141524273,1635762796.20,14701541479.24
300712,永福股份,工程建设,2020-02-04,2021-07-29,541,9.2000,102.3800,11.1283,9.7500,102.7300,182104000,182104000,1775514000.00,18707543920.00
600039,四川路桥,工程建设,2020-02-04,2020-02-26,22,0.0300,0.3100,10.3333,3.0900,3.4800,4774973889,4774973889,14754669317.01,16616909133.72
600096,云天化,化肥行业,2020-02-04,2021-06-09,491,0.8900,9.0900,10.2135,4.4800,12.6800,1432434738,1837396147,6417307626.24,23298183143.96
601126,四方股份,电网设备,2020-02-04,2021-08-12,555,1.2400,13.3800,10.7903,4.8300,15.8100,813172000,813172000,3927620760.00,12856249320.00
601699,潞安环能,煤炭行业,2020-02-04,2020-02-17,13,0.0500,0.5300,10.6000,6.0000,6.4800,2991409200,2991409200,17948455200.00,19384331616.00
603067,振华股份,化学原料,2020-02-04,2025-11-05,2101,2.9200,30.0900,10.3048,5.0300,30.0900,431200000,710760277,2168936000.00,21386776734.93
603290,斯达半导,半导体,2020-02-04,2020-03-05,30,9.3800,103.0300,10.9840,18.3500,149.4600,170606060,170606060,3130621201.00,25498781727.60
000422,湖北宜化,化肥行业,2020-02-05,2021-08-31,573,1.8300,20.1700,11.0219,2.4500,20.7900,897866712,897866712,2199773444.40,18666648942.48
603893,瑞芯微,半导体,2020-02-07,2021-06-10,489,10.8900,111.1500,10.2066,13.9400,113.8500,417943000,417943000,5826125420.00,47582810550.00
601088,中国神华,煤炭行业,2020-03-19,2021-09-08,538,1.1200,11.2200,10.0179,14.7800,21.8100,19889620455,19868519955,293968590324.90,433332420218.55
002472,双环传动,汽车零部件,2020-03-23,2025-02-21,1796,4.0800,41.3900,10.1446,4.8100,41.7900,850397292,847468342,4090410974.52,35415702012.18
600702,舍得酒业,酿酒行业,2020-03-23,2021-05-20,423,16.2300,166.5800,10.2637,21.5400,171.6900,337037000,336179100,7259776980.00,57718589679.00
000408,藏格矿业,化肥行业,2020-03-25,2020-03-31,6,0.0100,0.2100,21.0000,5.7300,5.9300,1993779522,1993779522,11424356661.06,11823112565.46
300364,中文在线,文化传媒,2020-03-31,2023-11-22,1331,3.2300,33.9600,10.5139,3.2300,33.9600,727295310,729939618,2349163851.30,24788749427.28
300827,上能电气,光伏设备,2020-04-10,2021-08-10,487,4.5500,48.1800,10.5890,31.1600,174.0000,237610488,237610488,7403942806.08,41344224912.00
601717,中创智领,汽车零部件,2020-04-27,2022-07-20,814,1.4500,14.8900,10.2690,4.8000,17.4100,1732471370,1779493670,8315862576.00,30980984794.70
000983,山西焦煤,煤炭行业,2020-04-28,2021-05-07,374,0.3300,3.5300,10.6970,4.6300,6.6900,3151200000,4096560000,14590056000.00,27405986400.00
601001,晋控煤业,煤炭行业,2020-04-28,2021-08-31,490,0.8200,8.8400,10.7805,3.3900,11.4100,1673700000,1673700000,5673843000.00,19096917000.00
603260,合盛硅业,非金属材料,2020-04-28,2021-08-25,484,17.9000,189.5400,10.5888,21.9300,193.0500,938000000,1074165577,20570340000.00,207367664639.85
603486,科沃斯,家电行业,2020-04-28,2021-04-27,364,15.3000,156.5200,10.2301,18.5400,159.7600,576462773,576462773,10687619811.42,92095692614.48
002192,融捷股份,能源金属,2020-04-29,2021-07-12,439,11.5900,117.0900,10.1027,13.0400,118.5400,259655203,259655203,3385903847.12,30779527763.62
002466,天齐锂业,能源金属,2020-04-29,2021-08-20,478,11.2000,113.3500,10.1205,15.5500,117.7000,1477099383,1477099383,22968895405.65,173854597379.10
002612,朗姿股份,纺织服装,2020-04-29,2021-05-19,385,5.7000,57.1000,10.0175,7.0400,58.3200,442445375,442445375,3114815440.00,25803414270.00
002896,中大力德,通用设备,2020-04-29,2025-02-26,1764,8.0800,81.1100,10.0384,19.3400,105.7000,80000000,151171285,1547200000.00,15978804824.50
601127,赛力斯,汽车整车,2020-04-29,2021-05-12,378,6.0800,61.7900,10.1628,7.7300,63.4000,1359928889,1359928889,10512250311.97,86219491562.60
603392,万泰生物,生物制品,2020-04-29,2020-06-03,35,3.2100,34.8900,10.8692,12.6000,102.6300,433600000,433600000,5463360000.00,44500368000.00
600256,广汇能源,石油行业,2020-05-08,2020-05-25,17,0.0100,0.1200,12.0000,2.5100,2.6200,6793590970,6793590970,17051913334.70,17799208341.40
002176,江特电机,电机,2020-05-20,2021-07-16,422,1.2700,12.7600,10.0472,1.2700,12.7600,1706325581,1706325581,2167033487.87,21772714413.56
300100,双林股份,汽车零部件,2020-05-22,2025-01-20,1704,2.7100,27.1900,10.0332,4.7800,38.1700,456566616,400769246,2182388424.48,15297362119.82
600123,兰花科创,煤炭行业,2020-05-22,2022-06-08,747,1.1300,11.7400,10.3894,4.6900,18.1800,1142400000,1142400000,5357856000.00,20768832000.00
600348,华阳股份,煤炭行业,2020-05-22,2021-08-12,447,0.5800,5.9800,10.3103,4.3200,11.8800,2405000000,2405000000,10389600000.00,28571400000.00
000683,博源化工,化学原料,2020-05-25,2021-07-26,427,0.7400,7.6700,10.3649,1.5900,8.5200,3621758560,3621758560,5758596110.40,30857382931.20
688516,奥特维,光伏设备,2020-06-15,2022-08-10,786,11.4000,120.8000,10.5965,51.3700,370.8000,224892432,224892432,11552724231.84,83390113785.60
300841,康华生物,生物制品,2020-06-16,2020-08-03,48,39.8900,417.7400,10.4723,101.3300,951.5000,60000000,60000000,6079800000.00,57090000000.00
300850,新强联,风电设备,2020-07-13,2021-08-23,406,9.2100,95.7500,10.3963,28.3100,163.5400,358741880,358741880,10155982622.80,58668647055.20
300857,协创数据,消费电子,2020-07-27,2025-03-12,1689,9.1500,91.7600,10.0284,13.3900,128.7500,206557782,245255146,2765808700.98,31576600047.50
605358,立昂微,半导体,2020-09-11,2020-10-26,45,3.8300,38.9100,10.1593,7.0800,59.0000,400580000,400580000,2836106400.00,23634220000.00
605111,新洁能,半导体,2020-09-28,2021-11-12,410,6.6600,67.1900,10.0886,28.6700,186.2600,101200000,141680000,2901404000.00,26389316800.00
601919,中远海控,航运港口,2020-11-18,2020-11-20,2,0.0300,0.7000,23.3333,9.3000,10.1600,16172331261,16172331261,150402680727.30,164310885611.76
600188,兖矿能源,煤炭行业,2020-12-01,2021-03-04,93,0.0600,0.6800,11.3333,11.5000,12.7100,4860000000,4873041592,55890000000.00,61936358634.32
003031,中瓷电子,通信设备,2021-01-04,2022-08-04,577,7.1400,73.4400,10.2857,21.9900,103.8000,106666667,209066666,2345600007.33,21701119930.80
000707,双环科技,化学原料,2021-01-13,2022-06-30,533,1.5800,16.6700,10.5506,1.9000,16.9900,464145765,464145765,881876953.50,7885836547.35
000766,通化金马,化学制药,2021-01-13,2025-11-13,1765,2.8600,29.0600,10.1608,2.8600,29.0600,966494707,966494707,2764174862.02,28086336185.42
600734,实达集团,互联网服务,2021-01-28,2022-03-14,410,0.2700,2.8200,10.4444,0.9600,2.8200,622372316,2178303106,597477423.36,6142814758.92
603032,德新科技,电池,2021-02-04,2021-11-19,288,4.9200,49.9400,10.1504,6.9700,70.0000,160008000,167338000,1115255760.00,11713660000.00
603667,五洲新春,通用设备,2021-02-04,2025-12-29,1789,5.7300,57.8400,10.0942,6.5600,57.8400,301196480,366202770,1975848908.80,21181168216.80
603009,北特科技,汽车零部件,2021-02-05,2025-01-15,1440,4.8000,49.3000,10.2708,5.0500,49.3800,359002153,338526168,1812960872.65,16716422175.84
688068,热景生物,医疗器械,2021-02-05,2025-07-04,1610,18.7900,194.8100,10.3677,34.5900,194.8100,62196341,92707940,2151371435.19,18060433791.40
002779,中坚科技,专用设备,2021-02-08,2025-01-22,1444,6.3300,64.9800,10.2654,9.1900,91.0800,132000000,132000000,1213080000.00,12022560000.00
603399,永杉锂业,小金属,2021-02-08,2022-06-27,504,2.8500,28.6000,10.0351,3.2500,29.0000,510523649,519123649,1659201859.25,15054585821.00
603929,亚翔集成,装修装饰,2021-02-08,2025-11-18,1744,5.5500,58.1800,10.4829,9.0000,58.1800,213360000,213360000,1920240000.00,12413284800.00
605117,德业股份,光伏设备,2021-04-20,2021-08-24,126,3.6100,36.6700,10.1579,47.1500,209.6700,430080841,430080841,20278311653.15,90175049932.47
688556,高测股份,光伏设备,2021-05-10,2022-07-07,423,2.7400,27.8100,10.1496,17.4000,90.8400,227923360,227923360,3965866464.00,20704558022.40
000628,高新发展,工程建设,2021-07-28,2024-02-29,946,7.2600,73.6000,10.1377,7.5200,73.8100,352280000,352280000,2649145600.00,26001786800.00
300570,太辰光,通信设备,2022-04-26,2025-01-07,987,8.7800,91.7800,10.4533,10.8800,92.5800,229996800,227126867,2502365184.00,21027405346.86
301004,嘉益股份,家用轻工,2022-04-26,2024-09-30,888,6.7500,71.5600,10.6015,17.1400,104.5800,104000000,103869300,1782560000.00,10862651394.00
603699,纽威股份,通用设备,2022-04-26,2025-09-19,1242,3.8900,39.8900,10.2545,7.1200,40.4700,749062000,775526127,5333321440.00,31385542359.69
688256,寒武纪-U,半导体,2022-04-26,2024-11-07,926,47.3000,476.0000,10.0634,47.3000,476.0000,400814650,417456753,18958532945.00,198709414428.00
300779,惠城环保,环保行业,2022-04-28,2024-10-24,910,7.9900,81.4000,10.1877,11.5000,81.5000,194957954,194960076,2242016471.00,15889246194.00
301005,超捷股份,汽车零部件,2022-04-28,2025-12-29,1341,13.7800,159.4000,11.5675,33.4000,159.4000,57126903,134267251,1908038560.20,21402199809.40
600066,宇通客车,汽车整车,2022-04-28,2024-05-06,739,2.2400,23.4200,10.4554,7.2400,26.9200,2262931223,2213939223,16383622054.52,59599243883.16
603516,淳中科技,计算机设备,2022-04-28,2025-08-11,1201,9.3000,95.3900,10.2570,9.9500,95.3900,186336372,203266279,1854046901.40,19389570353.81
688195,腾景科技,光学光电子,2022-04-28,2025-11-20,1302,14.7500,157.6000,10.6847,15.2800,157.6000,129350000,129350000,1976468000.00,20385560000.00
603083,剑桥科技,通信设备,2022-05-06,2025-08-27,1209,8.6400,88.1400,10.2014,9.0700,88.1900,255581566,268019841,2318124803.62,23636669777.79
001309,德明利,半导体,2022-07-01,2025-09-22,1179,14.6400,155.1100,10.5949,38.2200,155.1100,113247800,226886272,4328330916.00,35192329649.92
300308,中际旭创,通信设备,2022-10-10,2024-10-08,729,16.8800,184.9300,10.9556,25.3900,185.8300,800961788,1121166509,20336419797.32,208346372367.47
300972,万辰集团,农牧饲渔,2022-10-10,2025-01-21,834,9.5800,96.8500,10.1096,10.3300,97.4000,153500000,179989761,1585655000.00,17531002721.40
601138,工业富联,消费电子,2022-10-10,2025-09-18,1074,6.3900,64.3600,10.0720,8.1600,64.3600,19865842010,19858183781,162105270801.60,1278072708145.16
600629,华建集团,工程咨询服务,2022-10-28,2025-10-21,1089,3.9200,40.9300,10.4413,4.2000,40.9300,970979116,970338659,4078112287.20,39715961312.87
688506,百利天恒,生物制品,2023-01-06,2025-06-09,885,32.0500,331.4800,10.3426,32.0500,331.4800,401000000,401000000,12852050000.00,132923480000.00
301377,鼎泰高科,通用设备,2024-02-05,2025-10-29,632,11.9000,130.1200,10.9345,12.7800,130.5200,410000000,410000000,5239800000.00,53513200000.00
688183,生益电子,电子元件,2024-02-05,2025-08-13,555,5.5400,56.3000,10.1625,6.0800,56.6000,831821175,831821175,5057472744.00,47081078505.00
003010,若羽臣,互联网服务,2024-02-07,2025-06-12,491,4.2100,42.2100,10.0261,12.7600,59.3900,122329340,227487948,1560922378.40,13510509231.72
300153,科泰电源,电源设备,2024-02-07,2025-03-12,399,4.3900,46.7000,10.6378,4.3900,46.7000,320000000,320000000,1404800000.00,14944000000.00
300469,信息发展,软件开发,2024-02-07,2025-09-05,576,6.7800,68.5100,10.1047,6.7800,68.5100,248238824,248238824,1683059226.72,17006841832.24
300641,正丹股份,化学制品,2024-02-07,2024-05-06,89,1.9100,22.8700,11.9738,2.9200,23.8800,489604849,493510824,1429646159.08,11785038477.12
300870,欧陆通,电源设备,2024-02-07,2025-08-22,562,25.8300,268.3200,10.3879,27.4800,268.7500,101200000,109481432,2780976000.00,29423134850.00
301209,联合化学,化学原料,2024-02-07,2025-05-23,471,8.0400,88.5400,11.0124,11.6600,124.1500,80000000,80000000,932800000.00,9932000000.00
301489,思泉新材,消费电子,2024-02-07,2025-09-22,593,25.0500,267.9800,10.6978,35.5700,267.9800,57681334,80753867,2051725050.38,21640421278.66
600113,浙江东日,综合行业,2024-02-07,2025-08-15,555,4.8300,50.9000,10.5383,5.1300,50.9000,421531660,421176660,2162457415.80,21437891994.00
605255,天普股份,汽车零部件,2024-02-07,2025-09-19,590,9.1600,91.8900,10.0317,9.8200,91.9600,134080000,134080000,1316665600.00,12329996800.00
688109,品茗科技,软件开发,2024-02-07,2025-10-20,621,13.0600,131.5000,10.0689,14.0200,131.5000,78842300,78842300,1105369046.00,10367762450.00
688313,仕佳光子,通信设备,2024-02-07,2025-08-25,565,7.0500,71.4400,10.1333,7.1100,71.4400,458802328,458802328,3262084552.08,32776838312.32
688585,上纬新材,塑料制品,2024-02-07,2025-07-22,531,4.4100,48.1900,10.9274,4.5000,48.1900,403270007,403361728,1814715031.50,19438001672.32
688656,浩欧博,医疗器械,2024-02-07,2025-11-05,637,18.8000,190.3500,10.1250,19.4900,190.3500,63058328,63479740,1229006812.72,12083368509.00
300204,舒泰神,生物制品,2024-04-16,2025-08-18,489,5.4500,55.5500,10.1927,5.4500,55.5500,477772555,477772555,2603860424.75,26540265430.25
301550,斯菱智驱,汽车零部件,2024-04-16,2025-12-05,598,11.4900,117.7400,10.2472,25.3500,117.7400,110000000,231275000,2788500000.00,27230318500.00
002052,同洲电子,家电行业,2024-06-11,2025-04-25,318,0.8000,8.2200,10.2750,0.8000,8.2200,745959694,745959694,596767755.20,6131788684.68
000592,平潭发展,农牧饲渔,2024-06-24,2025-12-12,536,1.2900,13.5100,10.4729,1.2900,13.5100,1931780892,1931780892,2491997350.68,26098359850.92
300300,海峡创新,互联网服务,2024-06-28,2025-10-31,490,1.0000,10.2500,10.2500,1.0000,10.2500,666847062,666847062,666847062.00,6835182385.50
688622,禾信仪器,仪器仪表,2024-07-08,2025-10-30,479,14.5200,147.0100,10.1247,14.5200,147.0100,69997606,70465521,1016365239.12,10359136242.21
000506,招金黄金,贵金属,2024-07-10,2025-06-09,334,0.9300,9.4500,10.1613,0.9300,9.4500,929017761,929017761,863986517.73,8779217841.45
300436,广生堂,化学制药,2024-07-24,2025-08-14,386,14.3400,145.5900,10.1527,14.3400,145.5900,159267000,159267000,2283888780.00,23187682530.00
603226,菲林格尔,装修建材,2024-09-18,2025-09-12,359,2.9500,29.8000,10.1017,2.9500,29.8000,355491770,355491770,1048700721.50,10593654746.00
