股票代码,股票名称,行业,标签_低点后十倍股(1/0),低点日期,首次十倍日期,模型A_抄底分(0-100),模型B_趋势确认分(0-100),模型B_入场日期,标签_入场后十倍股(1/0),错误(如有)
000035,中国天楹,环保行业,0,2024-02-05,,52.0,63.0,2024-06-18,0,
000048,京基智农,农牧饲渔,0,2019-01-29,,69.0,73.0,2019-04-10,0,
000063,中兴通讯,通信设备,0,2019-01-03,,44.0,42.0,2019-02-25,0,
000065,北方国际,工程建设,0,2021-02-04,,70.0,73.0,2021-03-29,0,
000159,国际实业,石油行业,0,2024-02-07,,92.0,45.0,2024-08-06,0,
000333,美的集团,家电行业,0,2019-01-03,,56.0,59.0,2019-04-01,0,
000401,金隅冀东,水泥建材,0,2024-06-24,,38.0,35.0,2024-10-30,0,
000516,国际医学,医疗服务,0,2020-05-15,,41.0,45.0,2020-07-07,0,
000519,中兵红箭,专用设备,0,2019-01-31,,52.0,45.0,2019-02-28,0,
000529,广弘控股,食品饮料,0,2019-01-02,,75.0,60.0,2019-02-19,0,
000530,冰山冷热,通用设备,0,2019-01-31,,74.0,71.0,2019-03-08,0,
000552,甘肃能化,煤炭行业,0,2020-03-23,,81.0,65.0,2020-07-06,0,
000554,泰山石油,石油行业,0,2021-02-01,,50.0,45.0,2021-03-31,0,
000561,烽火电子,通信设备,0,2024-02-05,,66.0,35.0,2024-09-30,0,
000566,海南海药,化学制药,0,2024-06-25,,47.0,35.0,2024-09-10,0,
000571,新大洲A,煤炭行业,0,2019-06-20,,51.0,35.0,2020-04-30,0,
000572,海马汽车,汽车整车,0,2019-08-15,,49.0,49.0,2020-02-27,0,
000586,汇源通信,通信设备,0,2021-02-08,,49.0,50.0,2021-07-20,0,
000596,古井贡酒,酿酒行业,0,2019-01-03,,70.0,77.0,2019-03-01,0,
000601,韶能股份,电力行业,0,2024-02-07,,49.0,35.0,2024-10-15,0,
000625,长安汽车,汽车整车,0,2019-06-18,,34.0,35.0,2019-09-05,0,
000630,铜陵有色,有色金属,0,2020-05-25,,48.0,40.0,2020-07-09,0,
000632,三木集团,综合行业,0,2024-08-27,,46.0,35.0,2024-11-07,0,
000661,长春高新,生物制品,0,2019-01-03,,48.0,64.0,2019-02-11,0,
000663,永安林业,装修建材,0,2020-02-04,,48.0,35.0,2021-02-02,0,
000670,盈方微,半导体,0,2020-02-04,,47.0,54.0,2022-08-22,0,
000680,山推股份,工程机械,0,2020-02-04,,55.0,35.0,2020-05-06,0,
000720,新能泰山,电网设备,0,2024-09-06,,49.0,35.0,2024-10-18,0,
000723,美锦能源,煤炭行业,0,2019-01-03,,66.0,62.0,2019-03-19,0,
000729,燕京啤酒,酿酒行业,0,2019-01-03,,44.0,40.0,2019-04-03,0,
000731,四川美丰,化肥行业,0,2021-02-05,,56.0,55.0,2021-04-28,0,
000751,锌业股份,有色金属,0,2024-02-05,,49.0,35.0,2024-04-01,0,
000778,新兴铸管,钢铁行业,0,2020-05-29,,56.0,45.0,2020-07-29,0,
000779,甘咨询,工程咨询服务,0,2024-08-22,,84.0,65.0,2024-10-08,0,
000800,一汽解放,汽车整车,0,2019-01-02,,34.0,34.0,2019-03-06,0,
000810,创维数字,通信设备,0,2019-01-03,,47.0,45.0,2019-03-04,0,
000813,德展健康,化学制药,0,2024-06-28,,74.0,60.0,2024-10-31,0,
000821,京山轻机,光伏设备,0,2020-02-04,,71.0,35.0,2020-07-24,0,
000825,太钢不锈,钢铁行业,0,2020-04-28,,70.0,40.0,2020-08-03,0,
000830,鲁西化工,化学原料,0,2020-05-29,,72.0,73.0,2020-07-20,0,
000860,顺鑫农业,酿酒行业,0,2024-09-18,,36.0,35.0,2024-11-06,0,
000861,海印股份,-,0,2024-08-05,,53.0,,,,
000868,安凯客车,汽车整车,0,2019-06-06,,36.0,35.0,2019-09-20,0,
000869,张  裕Ａ,酿酒行业,0,2020-03-23,,74.0,73.0,2020-05-21,0,
000875,吉电股份,电力行业,0,2019-01-31,,46.0,35.0,2019-02-27,0,
000882,华联股份,商业百货,0,2024-06-27,,57.0,35.0,2024-09-30,0,
000887,中鼎股份,汽车零部件,0,2020-04-28,,76.0,57.0,2020-07-06,0,
000892,欢瑞世纪,文化传媒,0,2021-01-26,,51.0,35.0,2021-09-23,0,
000910,大亚圣象,装修建材,0,2024-02-07,,76.0,57.0,2024-09-30,0,
000912,泸天化,化肥行业,0,2024-02-05,,62.0,45.0,2024-04-02,0,
000922,佳电股份,电机,0,2019-01-31,,63.0,63.0,2019-02-26,0,
000923,河钢资源,钢铁行业,0,2022-10-31,,91.0,72.0,2022-12-15,0,
000935,四川双马,水泥建材,0,2024-09-09,,89.0,76.0,2024-10-14,0,
000951,中国重汽,汽车整车,0,2019-01-03,,63.0,51.0,2019-02-22,0,
000959,首钢股份,钢铁行业,0,2024-09-11,,45.0,36.0,2024-09-30,0,
000970,中科三环,小金属,0,2019-01-31,,63.0,53.0,2019-03-07,0,
000975,山金国际,贵金属,0,2019-05-07,,63.0,70.0,2019-06-11,0,
000978,桂林旅游,旅游酒店,0,2020-02-04,,76.0,53.0,2020-07-15,0,
000980,众泰汽车,汽车整车,0,2021-01-11,,45.0,39.0,2021-02-22,0,
001218,丽臣实业,化学制品,0,2024-09-18,,68.0,45.0,2024-11-28,0,
001223,欧克科技,专用设备,0,2024-09-18,,89.0,74.0,2025-01-20,0,
001233,海安集团,橡胶制品,0,2025-12-18,,71.0,,,,
001269,欧晶科技,光伏设备,0,2022-09-30,,79.0,,,,
001278,一彬科技,汽车零部件,0,2024-09-18,,70.0,55.0,2025-03-07,0,
001282,三联锻造,汽车零部件,0,2024-02-07,,64.0,68.0,2024-12-05,0,
001300,三柏硕,家用轻工,0,2024-08-23,,49.0,35.0,2025-03-11,0,
001314,亿道信息,消费电子,0,2024-07-25,,62.0,49.0,2024-12-26,0,
001324,长青科技,交运设备,0,2024-09-18,,77.0,61.0,2024-12-04,0,
001332,锡装股份,专用设备,0,2024-08-27,,82.0,65.0,2024-09-30,0,
001337,四川黄金,贵金属,0,2023-03-03,,79.0,,,,
001338,永顺泰,农牧饲渔,0,2024-02-05,,64.0,45.0,2024-12-02,0,
001358,兴欣新材,化学原料,0,2024-02-07,,86.0,,,,
001359,平安电工,非金属材料,0,2024-09-18,,79.0,86.0,2025-04-25,0,
001387,雪祺电气,家电行业,0,2025-04-09,,72.0,60.0,2025-07-03,0,
001389,广合科技,电子元件,0,2024-09-23,,65.0,83.0,2025-06-11,0,
002011,盾安环境,家电行业,0,2020-05-25,,62.0,45.0,2020-12-10,0,
002031,巨轮智能,专用设备,0,2021-02-04,,52.0,45.0,2021-07-14,0,
002049,紫光国微,半导体,0,2019-01-02,,60.0,58.0,2019-03-29,0,
002053,云南能投,综合行业,0,2020-03-19,,60.0,65.0,2020-06-02,0,
002056,横店东磁,光伏设备,0,2019-01-02,,74.0,67.0,2019-04-18,0,
002074,国轩高科,电池,0,2019-01-03,,68.0,68.0,2019-03-04,0,
002089,新海退,-,0,2024-04-01,,32.0,,,,
002099,海翔药业,化学制药,0,2019-01-03,,73.0,65.0,2019-02-18,0,
002111,威海广泰,专用设备,0,2019-01-02,,53.0,47.0,2019-02-18,0,
002128,电投能源,煤炭行业,0,2019-01-02,,85.0,76.0,2019-03-20,0,
002129,TCL中环,光伏设备,0,2019-01-08,,46.0,48.0,2019-02-14,0,
002138,顺络电子,电子元件,0,2019-01-03,,63.0,79.0,2019-02-25,0,
002139,拓邦股份,消费电子,0,2019-01-03,,72.0,60.0,2019-03-05,0,
002140,东华科技,工程建设,0,2019-01-03,,46.0,35.0,2019-03-07,0,
002150,通润装备,光伏设备,0,2019-01-02,,66.0,57.0,2019-02-18,0,
002157,正邦科技,农牧饲渔,0,2023-05-15,,33.0,28.0,2024-04-08,0,
002162,悦心健康,装修建材,0,2024-07-10,,56.0,35.0,2024-10-08,0,
002171,楚江新材,有色金属,0,2019-01-31,,66.0,48.0,2019-03-07,0,
002172,澳洋健康,医疗服务,0,2024-08-28,,52.0,41.0,2024-11-07,0,
002174,游族网络,游戏,0,2024-07-24,,58.0,57.0,2024-11-06,0,
002185,华天科技,半导体,0,2019-01-03,,69.0,60.0,2019-03-05,0,
002194,武汉凡谷,通信设备,0,2019-01-03,,45.0,39.0,2019-02-12,0,
002204,大连重工,工程机械,0,2020-02-04,,52.0,35.0,2020-04-22,0,
002207,准油股份,采掘行业,0,2024-07-24,,30.0,33.0,2024-11-04,0,
002213,大为股份,半导体,0,2019-07-22,,53.0,45.0,2019-08-27,0,
002218,拓日新能,光伏设备,0,2019-08-13,,62.0,63.0,2020-01-07,0,
002219,新里程,医疗服务,0,2020-05-25,,36.0,37.0,2021-03-15,0,
002225,濮耐股份,装修建材,0,2024-02-07,,70.0,45.0,2024-05-06,0,
002227,奥 特 迅,电源设备,0,2024-02-07,,49.0,35.0,2024-10-08,0,
002249,大洋电机,电机,0,2020-04-13,,48.0,35.0,2020-07-07,0,
002255,海陆重工,电源设备,0,2020-02-04,,51.0,49.0,2020-02-24,0,
002274,华昌化工,化肥行业,0,2019-01-02,,55.0,35.0,2019-01-29,0,
002284,亚太股份,汽车零部件,0,2019-01-31,,59.0,39.0,2019-04-04,0,
002300,太阳电缆,电网设备,0,2019-01-02,,60.0,41.0,2019-01-07,0,
002304,洋河股份,酿酒行业,0,2020-03-23,,69.0,68.0,2020-06-01,0,
002309,中利集团,光伏设备,0,2024-04-22,,47.0,37.0,2025-01-13,0,
002323,雅博股份,装修建材,0,2019-12-04,,43.0,,,,
002327,富安娜,纺织服装,0,2020-02-03,,91.0,76.0,2020-04-28,0,
002331,皖通科技,互联网服务,0,2024-02-07,,51.0,39.0,2024-12-11,0,
002332,仙琚制药,化学制药,0,2019-01-03,,66.0,70.0,2019-03-18,0,
002333,罗普斯金,装修建材,0,2019-08-09,,53.0,63.0,2020-08-07,0,
002340,格林美,能源金属,0,2019-01-31,,55.0,55.0,2019-04-17,0,
002342,巨力索具,通用设备,0,2020-02-04,,55.0,35.0,2020-03-19,0,
002363,隆基机械,汽车零部件,0,2019-01-02,,59.0,41.0,2019-03-05,0,
002364,中恒电气,电源设备,0,2024-02-07,,49.0,35.0,2024-09-27,0,
002366,融发核电,电源设备,0,2021-02-08,,48.0,35.0,2021-03-17,0,
002392,北京利尔,装修建材,0,2024-02-07,,71.0,57.0,2024-04-03,0,
002396,星网锐捷,通信设备,0,2024-07-08,,65.0,45.0,2024-10-08,0,
002399,海普瑞,化学制药,0,2024-02-05,,71.0,35.0,2024-08-05,0,
002413,雷科防务,通信设备,0,2024-02-05,,49.0,35.0,2024-10-31,0,
002414,高德红外,电子元件,0,2019-01-03,,38.0,56.0,2019-01-04,0,
002425,凯撒文化,游戏,0,2025-04-08,,49.0,35.0,2025-06-05,0,
002428,云南锗业,小金属,0,2019-01-02,,55.0,39.0,2019-06-13,0,
002429,兆驰股份,家电行业,0,2019-01-02,,71.0,57.0,2019-02-25,0,
002434,万里扬,汽车零部件,0,2024-02-05,,70.0,57.0,2024-10-08,0,
002438,江苏神通,通用设备,0,2019-01-03,,60.0,53.0,2019-01-25,0,
002446,盛路通信,通信设备,0,2024-02-05,,86.0,35.0,2024-11-08,0,
002452,长高电新,电网设备,0,2019-01-02,,59.0,45.0,2019-03-12,0,
002454,松芝股份,汽车零部件,0,2019-01-31,,81.0,64.0,2019-04-26,0,
002461,珠江啤酒,酿酒行业,0,2019-01-02,,52.0,49.0,2019-03-18,0,
002462,嘉事堂,医药商业,0,2024-02-05,,64.0,45.0,2024-10-08,0,
002471,中超控股,电网设备,0,2020-02-04,,58.0,35.0,2020-08-07,0,
002491,通鼎互联,通信设备,0,2024-07-24,,69.0,60.0,2024-10-31,0,
002497,雅化集团,化学制品,0,2019-11-18,,60.0,53.0,2019-12-26,0,
002501,利源股份,有色金属,0,2024-02-05,,45.0,35.0,2024-09-27,0,
002506,协鑫集成,光伏设备,0,2024-08-27,,38.0,35.0,2024-10-25,0,
002538,司尔特,化肥行业,0,2020-02-03,,76.0,57.0,2020-05-06,0,
002539,云图控股,化肥行业,0,2019-01-02,,56.0,41.0,2019-02-18,0,
002545,东方铁塔,化肥行业,0,2020-02-04,,84.0,70.0,2020-03-20,0,
002551,尚荣医疗,医疗器械,0,2024-02-07,,49.0,35.0,2024-11-07,0,
002558,巨人网络,游戏,0,2022-10-11,,76.0,73.0,2023-01-18,0,
002578,闽发铝业,有色金属,0,2024-02-07,,59.0,35.0,2024-04-09,0,
002579,中京电子,电子元件,0,2024-02-05,,51.0,35.0,2024-10-08,0,
002580,圣阳股份,电池,0,2020-02-04,,52.0,35.0,2020-03-05,0,
002588,史丹利,化肥行业,0,2020-02-03,,62.0,59.0,2020-04-08,0,
002595,豪迈科技,专用设备,0,2019-01-03,,68.0,76.0,2019-01-25,0,
002602,世纪华通,游戏,0,2024-07-24,,44.0,30.0,2024-10-29,0,
002611,东方精工,专用设备,0,2019-02-01,,86.0,45.0,2019-07-29,0,
002613,北玻股份,玻璃玻纤,0,2020-02-04,,50.0,35.0,2020-02-12,0,
002617,露笑科技,光伏设备,0,2019-01-30,,83.0,53.0,2020-01-07,0,
002622,皓宸医疗,医疗服务,0,2024-07-19,,39.0,39.0,2024-10-28,0,
002623,亚玛顿,光伏设备,0,2019-11-28,,65.0,57.0,2019-12-13,0,
002624,完美世界,游戏,0,2024-07-10,,60.0,53.0,2024-10-28,0,
002629,仁智股份,采掘行业,0,2019-11-04,,29.0,,,,
002641,公元股份,装修建材,0,2019-01-02,,62.0,45.0,2019-02-18,0,
002643,万润股份,电子化学品,0,2024-09-13,,91.0,73.0,2024-12-04,0,
002646,天佑德酒,酿酒行业,0,2024-09-18,,65.0,47.0,2024-12-03,0,
002653,海思科,化学制药,0,2019-01-30,,59.0,68.0,2019-03-21,0,
002655,共达电声,消费电子,0,2021-02-08,,51.0,42.0,2021-08-05,0,
002657,中科金财,互联网服务,0,2021-07-28,,55.0,35.0,2021-09-23,0,
002666,德联集团,化学制品,0,2024-08-23,,55.0,35.0,2024-10-22,0,
002667,威领股份,能源金属,0,2024-07-10,,51.0,39.0,2024-11-01,0,
002678,珠江钢琴,家用轻工,0,2024-07-24,,55.0,35.0,2024-11-27,0,
002681,奋达科技,消费电子,0,2020-05-06,,46.0,45.0,2020-08-04,0,
002685,华东重机,通用设备,0,2024-02-07,,51.0,35.0,2024-07-31,0,
002686,亿利达,通用设备,0,2024-08-23,,55.0,35.0,2024-09-23,0,
002700,万憬能源,燃气,0,2021-02-04,,79.0,45.0,2021-06-29,0,
002724,海洋王,电子元件,0,2024-08-23,,57.0,49.0,2025-03-18,0,
002725,跃岭股份,汽车零部件,0,2021-10-28,,47.0,35.0,2021-12-06,0,
002732,燕塘乳业,食品饮料,0,2024-08-23,,79.0,63.0,2024-11-07,0,
002733,雄韬股份,电池,0,2022-04-26,,57.0,45.0,2022-07-22,0,
002758,浙农股份,综合行业,0,2019-01-31,,52.0,47.0,2019-03-07,0,
002759,天际股份,电池,0,2020-07-27,,57.0,35.0,2020-09-04,0,
002761,浙江建投,工程建设,0,2019-01-31,,53.0,,,,
002792,通宇通讯,通信设备,0,2022-04-26,,53.0,35.0,2022-09-06,0,
002795,永和智控,通用设备,0,2024-08-21,,49.0,39.0,2025-02-17,0,
002798,帝欧水华,装修建材,0,2024-07-10,,51.0,39.0,2025-03-17,0,
002801,微光股份,电机,0,2019-01-29,,83.0,80.0,2019-03-11,0,
002802,洪汇新材,化学制品,0,2024-02-07,,88.0,61.0,2024-10-25,0,
002809,红墙股份,化学制品,0,2024-02-07,,74.0,65.0,2024-11-07,0,
002828,贝肯能源,采掘行业,0,2022-04-28,,52.0,45.0,2022-09-06,0,
002829,星网宇达,通信设备,0,2024-07-08,,63.0,51.0,2024-11-28,0,
002838,道恩股份,塑料制品,0,2024-08-23,,62.0,41.0,2024-10-08,0,
002843,泰嘉股份,消费电子,0,2020-02-04,,82.0,73.0,2020-03-25,0,
002849,威星智能,仪器仪表,0,2022-04-28,,72.0,55.0,2022-07-29,0,
002856,美芝股份,装修装饰,0,2024-02-07,,36.0,39.0,2024-12-23,0,
002859,洁美科技,电子元件,0,2019-07-22,,77.0,80.0,2019-12-19,0,
002866,传艺科技,消费电子,0,2022-04-26,,71.0,60.0,2022-06-23,0,
002879,长缆科技,电网设备,0,2024-02-06,,55.0,53.0,2024-10-21,0,
002892,科力尔,电机,0,2019-01-03,,64.0,56.0,2019-02-20,0,
002897,意华股份,光伏设备,0,2019-01-31,,64.0,66.0,2019-03-04,0,
002900,哈三联,化学制药,0,2021-02-04,,74.0,70.0,2021-03-23,0,
002908,德生科技,软件开发,0,2019-01-31,,68.0,69.0,2019-10-28,0,
002917,金奥博,化学制品,0,2024-02-07,,57.0,63.0,2024-05-09,0,
002937,兴瑞科技,消费电子,0,2022-04-26,,80.0,64.0,2022-07-28,0,
002942,新农股份,农药兽药,0,2024-02-07,,76.0,35.0,2024-11-07,0,
002950,奥美医疗,医疗器械,0,2024-07-24,,59.0,41.0,2024-09-27,0,
002951,金时科技,电源设备,0,2024-07-25,,51.0,35.0,2024-10-23,0,
002975,博杰股份,专用设备,0,2024-02-06,,90.0,73.0,2024-03-15,0,
002977,天箭科技,通信设备,0,2024-02-07,,79.0,60.0,2024-03-29,0,
003017,大洋生物,化学原料,0,2024-02-07,,74.0,57.0,2024-10-08,0,
003023,彩虹集团,家电行业,0,2024-02-07,,74.0,57.0,2024-09-30,0,
003028,振邦智能,消费电子,0,2022-04-26,,90.0,76.0,2022-06-23,0,
003030,祖名股份,食品饮料,0,2024-09-18,,59.0,35.0,2024-12-11,0,
300002,神州泰岳,游戏,0,2020-02-03,,52.0,35.0,2020-03-13,0,
300006,莱美药业,化学制药,0,2024-02-07,,49.0,35.0,2024-09-30,0,
300018,中元股份,电网设备,0,2024-02-05,,53.0,61.0,2024-08-22,0,
300031,宝通科技,游戏,0,2019-08-13,,80.0,78.0,2019-11-21,0,
300036,超图软件,软件开发,0,2024-02-05,,44.0,47.0,2024-09-30,0,
300037,新宙邦,电池,0,2019-06-17,,55.0,68.0,2019-09-20,0,
300042,朗科科技,半导体,0,2019-01-03,,68.0,51.0,2019-04-29,0,
300043,星辉娱乐,游戏,0,2024-06-06,,55.0,35.0,2024-09-30,0,
300051,琏升科技,光伏设备,0,2021-05-17,,47.0,35.0,2021-12-28,0,
300053,航宇微,半导体,0,2022-12-29,,56.0,57.0,2023-02-22,0,
300057,万顺新材,有色金属,0,2024-07-24,,49.0,35.0,2024-10-08,0,
300064,金刚退,-,0,2022-06-09,,38.0,,,,
300078,思创医惠,互联网服务,0,2024-02-07,,51.0,33.0,2024-10-08,0,
300082,奥克股份,化学原料,0,2024-02-07,,57.0,35.0,2024-09-02,0,
300084,海默科技,采掘行业,0,2021-02-05,,59.0,45.0,2021-06-16,0,
300086,康芝药业,化学制药,0,2024-07-24,,55.0,35.0,2024-10-08,0,
300088,长信科技,光学光电子,0,2019-01-02,,61.0,63.0,2019-03-05,0,
300094,国联水产,食品饮料,0,2024-07-24,,51.0,49.0,2024-11-07,0,
300105,龙源技术,电源设备,0,2021-02-08,,55.0,45.0,2021-03-25,0,
300111,向日葵,化学制药,0,2024-06-28,,57.0,61.0,2024-10-08,0,
300113,顺网科技,游戏,0,2024-02-05,,44.0,68.0,2024-09-30,0,
300119,瑞普生物,农药兽药,0,2019-01-03,,74.0,71.0,2019-02-28,0,
300122,智飞生物,生物制品,0,2025-04-29,,79.0,,,,
300124,汇川技术,电子元件,0,2019-01-03,,53.0,54.0,2019-03-05,0,
300127,银河磁体,小金属,0,2019-01-02,,85.0,76.0,2019-03-05,0,
300132,青松股份,美容护理,0,2024-02-07,,51.0,35.0,2024-09-30,0,
300134,大富科技,通信设备,0,2024-02-05,,57.0,45.0,2024-09-11,0,
300136,信维通信,消费电子,0,2022-04-26,,81.0,60.0,2023-02-02,0,
300145,南方泵业,通用设备,0,2024-02-05,,57.0,45.0,2024-03-19,0,
300149,睿智医药,医疗服务,0,2024-07-10,,51.0,35.0,2024-09-30,0,
300154,瑞凌股份,通用设备,0,2019-01-03,,76.0,65.0,2019-02-18,0,
300189,神农种业,农牧饲渔,0,2024-06-24,,49.0,35.0,2024-10-08,0,
300199,翰宇药业,化学制药,0,2021-04-12,,47.0,35.0,2021-11-11,0,
300206,理邦仪器,医疗器械,0,2019-01-03,,57.0,47.0,2019-02-18,0,
300207,欣旺达,电池,0,2019-01-03,,47.0,51.0,2019-01-08,0,
300226,上海钢联,互联网服务,0,2022-10-11,,60.0,44.0,2022-12-12,0,
300227,光韵达,电子元件,0,2024-02-07,,66.0,47.0,2024-09-30,0,
300234,开尔新材,装修建材,0,2019-01-31,,47.0,35.0,2019-03-07,0,
300239,东宝生物,生物制品,0,2019-01-31,,54.0,47.0,2019-02-26,0,
300242,佳云科技,文化传媒,0,2024-06-06,,49.0,49.0,2024-10-08,0,
300246,宝莱特,医疗器械,0,2024-02-07,,57.0,45.0,2025-02-28,0,
300252,金信诺,通信设备,0,2024-02-05,,46.0,35.0,2024-03-22,0,
300253,卫宁健康,软件开发,0,2024-08-22,,60.0,71.0,2024-09-30,0,
300263,隆华科技,通用设备,0,2019-01-31,,55.0,35.0,2019-02-18,0,
300271,华宇软件,互联网服务,0,2024-08-27,,51.0,35.0,2024-10-08,0,
300277,海联讯,互联网服务,0,2024-02-07,,51.0,47.0,2024-09-19,0,
300285,国瓷材料,化学制品,0,2019-01-03,,72.0,76.0,2019-03-05,0,
300302,同有科技,软件开发,0,2022-04-26,,69.0,35.0,2023-02-15,0,
300317,珈伟新能,光伏设备,0,2020-05-21,,51.0,45.0,2020-08-27,0,
300320,海达股份,橡胶制品,0,2019-08-09,,72.0,70.0,2019-12-31,0,
300323,华灿光电,光学光电子,0,2024-07-24,,46.0,39.0,2024-10-08,0,
300341,麦克奥迪,电网设备,0,2019-01-31,,85.0,77.0,2019-04-17,0,
300345,华民股份,光伏设备,0,2021-02-08,,79.0,49.0,2021-12-01,0,
300348,长亮科技,软件开发,0,2024-02-05,,50.0,35.0,2024-09-24,0,
300353,东土科技,通信设备,0,2021-02-08,,49.0,35.0,2021-06-22,0,
300393,中来股份,光伏设备,0,2019-01-02,,76.0,51.0,2019-07-23,0,
300396,迪瑞医疗,医疗器械,0,2019-01-03,,85.0,90.0,2019-07-12,0,
300398,飞凯材料,电子化学品,0,2024-02-05,,89.0,39.0,2024-10-09,0,
300401,花园生物,化学制药,0,2024-02-05,,90.0,76.0,2024-04-16,0,
300404,博济医药,医疗服务,0,2019-01-31,,43.0,37.0,2019-04-22,0,
300409,道氏技术,非金属材料,0,2024-02-05,,57.0,35.0,2024-04-11,0,
300418,昆仑万维,互联网服务,0,2019-08-07,,77.0,86.0,2019-11-19,0,
300421,力星股份,通用设备,0,2020-04-29,,84.0,53.0,2020-07-28,0,
300433,蓝思科技,消费电子,0,2019-01-31,,62.0,30.0,2019-09-03,0,
300441,鲍斯股份,通用设备,0,2024-02-07,,66.0,63.0,2024-03-19,0,
300446,航天智造,汽车零部件,0,2021-02-08,,94.0,35.0,2021-09-22,0,
300451,创业慧康,软件开发,0,2024-08-23,,57.0,39.0,2024-12-06,0,
300459,汤姆猫,游戏,0,2020-04-29,,91.0,45.0,2020-07-08,0,
300463,迈克生物,医疗器械,0,2024-02-05,,89.0,65.0,2024-09-27,0,
300481,濮阳惠成,电子化学品,0,2019-01-02,,73.0,71.0,2019-02-13,0,
300485,赛升药业,生物制品,0,2024-07-10,,81.0,70.0,2025-03-14,0,
300491,通合科技,电源设备,0,2022-04-25,,74.0,47.0,2023-02-01,0,
300494,盛天网络,游戏,0,2019-01-31,,82.0,69.0,2019-03-12,0,
300517,海波重科,工程建设,0,2024-02-07,,73.0,45.0,2025-02-28,0,
300519,新光药业,中药,0,2024-02-07,,88.0,80.0,2024-10-08,0,
300521,爱司凯,专用设备,0,2024-02-07,,49.0,35.0,2024-09-30,0,
300522,世名科技,化学制品,0,2019-08-13,,75.0,69.0,2019-10-30,0,
300530,领湃科技,电池,0,2021-05-06,,47.0,43.0,2021-06-15,0,
300537,广信材料,电子化学品,0,2019-01-31,,78.0,75.0,2019-04-03,0,
300541,先进数通,互联网服务,0,2019-01-03,,49.0,45.0,2019-02-25,0,
300547,川环科技,橡胶制品,0,2020-04-29,,92.0,76.0,2020-07-28,0,
300549,优德精密,专用设备,0,2020-05-15,,54.0,47.0,2020-07-29,0,
300550,和仁科技,软件开发,0,2024-02-07,,49.0,47.0,2024-09-30,0,
300565,科信技术,通信设备,0,2022-04-26,,55.0,35.0,2022-07-04,0,
300568,星源材质,电池,0,2019-01-03,,52.0,66.0,2019-03-11,0,
300594,朗进科技,交运设备,0,2024-02-07,,51.0,39.0,2024-10-16,0,
300599,雄塑科技,装修建材,0,2024-02-07,,49.0,35.0,2024-10-08,0,
300615,欣天科技,通信设备,0,2024-02-07,,66.0,64.0,2024-08-09,0,
300617,安靠智电,电网设备,0,2019-11-28,,74.0,79.0,2019-12-27,0,
300618,寒锐钴业,能源金属,0,2024-02-05,,61.0,41.0,2024-04-02,0,
300632,光莆股份,光学光电子,0,2024-02-05,,65.0,67.0,2024-10-08,0,
300635,中达安,工程咨询服务,0,2024-02-07,,42.0,35.0,2024-09-30,0,
300642,透景生命,医疗器械,0,2024-02-07,,89.0,70.0,2024-09-30,0,
300663,科蓝软件,软件开发,0,2019-01-31,,53.0,59.0,2019-02-27,0,
300674,宇信科技,互联网服务,0,2024-08-22,,66.0,57.0,2024-09-30,0,
300676,华大基因,医疗器械,0,2024-07-08,,44.0,35.0,2024-09-30,0,
300679,电连技术,消费电子,0,2019-01-30,,84.0,77.0,2019-04-01,0,
300682,朗新集团,软件开发,0,2024-08-22,,81.0,69.0,2024-11-11,0,
300685,艾德生物,医疗器械,0,2019-01-17,,69.0,64.0,2019-03-19,0,
300686,智动力,消费电子,0,2024-02-07,,51.0,49.0,2024-08-30,0,
300692,中环环保,环保行业,0,2024-09-18,,76.0,65.0,2024-10-08,0,
300694,蠡湖股份,汽车零部件,0,2024-09-18,,65.0,45.0,2024-10-23,0,
300695,兆丰股份,汽车零部件,0,2024-02-07,,87.0,70.0,2024-10-08,0,
300697,电工合金,有色金属,0,2019-01-31,,60.0,44.0,2019-06-27,0,
300705,九典制药,化学制药,0,2019-08-07,,63.0,60.0,2020-01-21,0,
300709,精研科技,消费电子,0,2019-01-31,,85.0,76.0,2019-04-01,0,
300713,英可瑞,电源设备,0,2024-02-07,,51.0,35.0,2024-07-17,0,
300724,捷佳伟创,光伏设备,0,2019-05-20,,69.0,82.0,2019-09-16,0,
300743,天地数码,非金属材料,0,2024-02-07,,66.0,56.0,2024-06-27,0,
300745,欣锐科技,汽车零部件,0,2024-08-29,,51.0,49.0,2025-02-21,0,
300747,锐科激光,电子元件,0,2024-09-18,,63.0,47.0,2024-10-30,0,
300760,迈瑞医疗,医疗器械,0,2019-01-08,,49.0,74.0,2019-11-08,0,
300762,上海瀚讯,通信设备,0,2019-03-14,,68.0,,,,
300776,帝尔激光,光伏设备,0,2019-05-17,,56.0,,,,
300784,利安科技,塑料制品,0,2025-04-07,,74.0,74.0,2025-08-12,0,
300787,海能实业,消费电子,0,2024-02-05,,93.0,57.0,2024-06-12,0,
300800,力合科技,环保行业,0,2024-02-05,,73.0,47.0,2024-10-18,0,
300813,泰林生物,医疗器械,0,2020-01-14,,70.0,,,,
300820,英杰电气,电源设备,0,2020-02-13,,59.0,,,,
300822,贝仕达克,消费电子,0,2024-02-07,,61.0,57.0,2024-05-27,0,
300826,测绘股份,工程咨询服务,0,2024-02-07,,73.0,61.0,2024-10-08,0,
300829,金丹科技,食品饮料,0,2024-02-07,,74.0,53.0,2024-05-06,0,
300842,帝科股份,光伏设备,0,2020-06-18,,61.0,,,,
300861,美畅股份,非金属材料,0,2024-09-23,,95.0,57.0,2025-07-22,0,
300863,卡倍亿,汽车零部件,0,2024-02-05,,68.0,51.0,2024-06-13,0,
300866,安克创新,消费电子,0,2022-04-26,,59.0,62.0,2023-04-06,0,
300890,翔丰华,电池,0,2024-02-05,,73.0,60.0,2024-04-01,0,
300891,惠云钛业,化学原料,0,2024-02-07,,53.0,35.0,2024-05-06,0,
300893,松原安全,汽车零部件,0,2022-04-26,,82.0,75.0,2022-07-21,0,
300894,火星人,家电行业,0,2024-02-05,,85.0,71.0,2024-05-17,0,
300895,铜牛信息,互联网服务,0,2024-02-07,,49.0,35.0,2024-03-20,0,
300906,日月明,交运设备,0,2024-02-07,,78.0,70.0,2024-10-14,0,
300913,兆龙互连,通信设备,0,2022-04-28,,64.0,66.0,2022-08-09,0,
300933,中辰股份,电网设备,0,2024-02-07,,57.0,35.0,2024-10-08,0,
300936,中英科技,电子元件,0,2022-10-10,,79.0,66.0,2023-02-22,0,
300941,创识科技,互联网服务,0,2024-02-07,,84.0,74.0,2024-10-08,0,
300951,博硕科技,消费电子,0,2024-02-07,,90.0,83.0,2025-02-26,0,
300952,恒辉安防,纺织服装,0,2024-02-07,,83.0,78.0,2024-04-02,0,
300968,格林精密,消费电子,0,2024-02-07,,71.0,45.0,2024-09-30,0,
300969,恒帅股份,汽车零部件,0,2021-07-28,,74.0,,,,
300973,立高食品,食品饮料,0,2024-08-27,,55.0,39.0,2024-12-10,0,
300990,同飞股份,通用设备,0,2022-04-28,,79.0,69.0,2022-07-05,0,
300991,创益通,电子元件,0,2024-02-07,,55.0,49.0,2024-05-24,0,
300997,欢乐家,食品饮料,0,2022-10-25,,78.0,71.0,2023-02-08,0,
300998,宁波方正,汽车零部件,0,2024-09-09,,51.0,39.0,2025-05-20,0,
301012,扬电科技,电网设备,0,2024-02-07,,82.0,35.0,2024-05-08,0,
301023,奕帆传动,电机,0,2024-02-07,,89.0,66.0,2024-08-01,0,
301026,浩通科技,小金属,0,2024-02-07,,79.0,45.0,2024-09-23,0,
301033,迈普医学,医疗服务,0,2024-02-07,,81.0,70.0,2024-05-14,0,
301039,中集车辆,汽车整车,0,2022-10-11,,57.0,45.0,2023-02-22,0,
301046,能辉科技,光伏设备,0,2025-04-07,,61.0,45.0,2025-07-03,0,
301047,义翘神州,生物制品,0,2024-09-06,,78.0,70.0,2024-10-11,0,
301048,金鹰重工,交运设备,0,2024-09-06,,72.0,70.0,2024-10-08,0,
301053,远信工业,专用设备,0,2024-02-07,,83.0,35.0,2024-08-02,0,
301063,海锅股份,风电设备,0,2024-02-07,,78.0,55.0,2025-02-26,0,
301068,大地海洋,环保行业,0,2024-02-06,,71.0,53.0,2024-10-09,0,
301071,力量钻石,非金属材料,0,2024-09-23,,84.0,70.0,2024-12-02,0,
301072,中捷精工,汽车零部件,0,2024-02-07,,65.0,57.0,2024-03-25,0,
301075,多瑞医药,化学制药,0,2024-02-07,,63.0,47.0,2024-10-08,0,
301079,邵阳液压,通用设备,0,2024-02-07,,83.0,35.0,2024-07-25,0,
301089,拓新药业,化学制药,0,2025-04-07,,90.0,35.0,2025-05-20,0,
301090,华润材料,化学原料,0,2024-09-06,,62.0,49.0,2025-03-04,0,
301096,百诚医药,医疗服务,0,2025-04-18,,92.0,35.0,2025-07-09,0,
301112,信邦智能,专用设备,0,2024-02-07,,81.0,47.0,2024-07-31,0,
301120,新特电气,电网设备,0,2024-02-07,,84.0,66.0,2024-10-21,0,
301122,采纳股份,医疗器械,0,2024-09-18,,89.0,84.0,2025-02-26,0,
301133,金钟股份,汽车零部件,0,2024-02-07,,66.0,70.0,2024-07-12,0,
301141,中科磁业,小金属,0,2024-02-05,,71.0,47.0,2024-10-16,0,
301151,冠龙节能,通用设备,0,2024-02-07,,81.0,57.0,2024-11-21,0,
301155,海力风电,风电设备,0,2024-02-05,,72.0,45.0,2024-10-08,0,
301159,三维天地,软件开发,0,2022-10-10,,73.0,64.0,2023-03-24,0,
301161,唯万密封,塑料制品,0,2024-02-07,,76.0,55.0,2024-04-12,0,
301168,通灵股份,光伏设备,0,2025-04-07,,82.0,35.0,2025-05-19,0,
301172,君逸数码,软件开发,0,2025-04-07,,76.0,55.0,2025-06-25,0,
301177,迪阿股份,珠宝首饰,0,2024-09-18,,52.0,35.0,2024-11-08,0,
301179,泽宇智能,软件开发,0,2022-04-26,,74.0,73.0,2023-01-18,0,
301186,超达装备,汽车零部件,0,2024-02-05,,79.0,71.0,2024-04-01,0,
301189,奥尼电子,通信设备,0,2024-02-07,,67.0,35.0,2024-06-20,0,
301192,泰祥股份,汽车零部件,0,2024-02-07,,86.0,55.0,2024-11-29,0,
301197,工大科雅,软件开发,0,2024-02-07,,78.0,70.0,2024-10-17,0,
301203,国泰环保,环保行业,0,2024-02-07,,84.0,73.0,2024-12-04,0,
301219,腾远钴业,能源金属,0,2024-02-05,,62.0,53.0,2024-03-20,0,
301233,盛帮股份,橡胶制品,0,2024-02-07,,82.0,76.0,2024-03-29,0,
301235,华康洁净,医疗服务,0,2024-02-07,,76.0,57.0,2024-11-07,0,
301238,瑞泰新材,电池,0,2024-02-05,,86.0,68.0,2024-04-02,0,
301239,普瑞眼科,医疗服务,0,2024-09-18,,79.0,64.0,2025-03-03,0,
301266,宇邦新材,光伏设备,0,2024-09-23,,69.0,60.0,2024-11-06,0,
301278,快可电子,光伏设备,0,2025-04-07,,89.0,75.0,2025-07-04,0,
301281,科源制药,化学制药,0,2024-09-18,,84.0,74.0,2024-10-24,0,
301283,聚胶股份,化学制品,0,2024-09-18,,74.0,57.0,2024-12-16,0,
301290,东星医疗,医疗器械,0,2024-02-07,,86.0,70.0,2024-10-31,0,
301299,卓创资讯,互联网服务,0,2024-02-07,,81.0,74.0,2024-10-08,0,
301307,美利信,通信设备,0,2024-09-18,,64.0,45.0,2024-11-12,0,
301308,江波龙,半导体,0,2022-10-11,,63.0,44.0,2023-10-24,0,
301317,鑫磊股份,通用设备,0,2024-02-07,,72.0,53.0,2024-09-30,0,
301326,捷邦科技,消费电子,0,2024-02-07,,76.0,39.0,2024-08-22,0,
301327,华宝新能,电源设备,0,2024-04-19,,67.0,35.0,2024-08-01,0,
301329,信音电子,电子元件,0,2024-02-07,,72.0,53.0,2024-10-16,0,
301332,德尔玛,家电行业,0,2024-02-05,,64.0,41.0,2024-10-08,0,
301333,诺思格,医疗服务,0,2024-06-28,,84.0,73.0,2024-10-25,0,
301336,趣睡科技,家用轻工,0,2024-02-07,,71.0,51.0,2024-10-16,0,
301339,通行宝,软件开发,0,2024-02-07,,81.0,66.0,2024-06-18,0,
301356,天振股份,塑料制品,0,2024-08-23,,49.0,35.0,2024-10-16,0,
301358,湖南裕能,电池,0,2024-02-05,,59.0,60.0,2024-04-09,0,
301360,荣旗科技,专用设备,0,2024-04-16,,74.0,69.0,2025-02-27,0,
301361,众智科技,电网设备,0,2024-02-07,,86.0,76.0,2024-05-27,0,
301363,美好医疗,医疗器械,0,2024-04-16,,80.0,69.0,2024-08-30,0,
301366,一博科技,电子元件,0,2024-02-07,,89.0,65.0,2024-05-23,0,
301381,赛维时代,互联网服务,0,2025-04-07,,67.0,54.0,2025-09-08,0,
301386,未来电器,电源设备,0,2024-02-07,,77.0,70.0,2024-10-21,0,
301393,昊帆生物,生物制品,0,2024-09-18,,78.0,66.0,2025-03-14,0,
301397,溯联股份,汽车零部件,0,2024-09-18,,84.0,79.0,2025-02-13,0,
301413,安培龙,电子元件,0,2024-02-07,,69.0,69.0,2025-01-14,0,
301448,开创电气,通用设备,0,2024-02-07,,64.0,51.0,2024-12-02,0,
301499,维科精密,汽车零部件,0,2024-02-07,,61.0,47.0,2024-12-12,0,
301501,恒鑫生活,家用轻工,0,2025-04-07,,79.0,,,,
301509,金凯生科,生物制品,0,2025-04-07,,87.0,70.0,2025-04-29,0,
301511,德福科技,电池,0,2024-08-23,,46.0,35.0,2024-11-05,0,
301512,智信精密,专用设备,0,2025-04-07,,77.0,53.0,2025-06-25,0,
301516,中远通,电源设备,0,2025-04-07,,59.0,35.0,2025-07-07,0,
301517,陕西华达,电子元件,0,2024-02-07,,52.0,51.0,2024-11-12,0,
301526,国际复材,玻璃玻纤,0,2024-09-06,,54.0,45.0,2025-07-03,0,
301535,浙江华远,汽车零部件,0,2025-04-08,,58.0,,,,
301538,骏鼎达,塑料制品,0,2024-04-16,,79.0,,,,
301566,达利凯普,电子元件,0,2025-04-07,,72.0,63.0,2025-07-02,0,
301587,中瑞股份,电池,0,2025-04-07,,79.0,61.0,2025-07-09,0,
301592,六九一二,软件开发,0,2024-11-01,,67.0,,,,
301602,超研股份,医疗器械,0,2025-12-16,,65.0,,,,
301611,珂玛科技,非金属材料,0,2024-09-23,,55.0,75.0,2025-09-24,0,
301613,新铝时代,汽车零部件,0,2025-01-03,,68.0,,,,
301618,长联科技,化学制品,0,2025-04-07,,68.0,,,,
301631,壹连科技,电子元件,0,2025-04-07,,63.0,,,,
301636,泽润新能,光伏设备,0,2025-12-04,,74.0,,,,
301658,首航新能,光伏设备,0,2025-06-03,,45.0,,,,
600006,东风股份,汽车整车,0,2019-01-02,,53.0,41.0,2019-02-25,0,
600012,皖通高速,铁路公路,0,2020-02-03,,89.0,73.0,2020-08-03,0,
600018,上港集团,航运港口,0,2020-05-22,,71.0,63.0,2020-11-17,0,
600031,三一重工,工程机械,0,2019-01-03,,40.0,50.0,2019-01-14,0,
600055,万东医疗,医疗器械,0,2019-01-02,,72.0,59.0,2019-02-27,0,
600059,古越龙山,酿酒行业,0,2019-01-03,,67.0,61.0,2019-02-25,0,
600060,海信视像,家电行业,0,2019-08-13,,59.0,51.0,2019-12-25,0,
600067,冠城新材,电网设备,0,2024-07-10,,46.0,35.0,2024-09-27,0,
600071,凤凰光学,光学光电子,0,2019-01-03,,54.0,39.0,2019-04-11,0,
600075,新疆天业,化学原料,0,2024-02-05,,73.0,35.0,2024-09-30,0,
600078,澄星股份,化肥行业,0,2021-05-18,,34.0,33.0,2021-07-22,0,
600084,中信尼雅,酿酒行业,0,2019-08-06,,51.0,57.0,2020-08-05,0,
600090,退市济堂,-,0,2022-06-30,,14.0,,,,
600099,林海股份,交运设备,0,2021-01-13,,50.0,45.0,2021-06-09,0,
600117,西宁特钢,钢铁行业,0,2024-07-01,,93.0,74.0,2024-10-17,0,
600118,中国卫星,航天航空,0,2022-04-26,,49.0,30.0,2022-11-03,0,
600121,郑州煤电,煤炭行业,0,2020-05-22,,40.0,35.0,2020-08-18,0,
600127,金健米业,农牧饲渔,0,2019-01-31,,53.0,35.0,2019-03-05,0,
600137,浪莎股份,纺织服装,0,2024-02-07,,52.0,47.0,2024-11-07,0,
600141,兴发集团,化肥行业,0,2020-04-29,,62.0,41.0,2020-07-13,0,
600148,长春一东,汽车零部件,0,2024-02-07,,45.0,45.0,2024-09-30,0,
600151,航天机电,光伏设备,0,2019-01-30,,46.0,35.0,2019-02-26,0,
600152,维科技术,电池,0,2024-02-07,,53.0,45.0,2024-11-04,0,
600166,福田汽车,汽车整车,0,2019-01-31,,38.0,35.0,2019-02-27,0,
600172,黄河旋风,非金属材料,0,2024-07-24,,45.0,35.0,2024-10-29,0,
600182,S佳通,橡胶制品,0,2022-04-27,,54.0,45.0,2022-07-01,0,
600196,复星医药,化学制药,0,2019-01-03,,69.0,58.0,2019-08-19,0,
600197,伊力特,酿酒行业,0,2020-03-23,,87.0,76.0,2020-06-05,0,
600198,大唐电信,通信设备,0,2024-02-05,,47.0,33.0,2024-03-25,0,
600199,金种子酒,酿酒行业,0,2019-01-03,,55.0,35.0,2019-03-07,0,
600202,哈空调,电源设备,0,2021-02-05,,63.0,63.0,2021-04-13,0,
600207,安彩高科,光伏设备,0,2024-02-07,,59.0,35.0,2024-03-18,0,
600216,浙江医药,化学制药,0,2019-01-03,,58.0,61.0,2019-07-11,0,
600227,赤天化,化肥行业,0,2024-07-01,,51.0,35.0,2024-10-30,0,
600241,时代万恒,电池,0,2021-02-05,,42.0,35.0,2021-04-27,0,
600267,海正药业,化学制药,0,2024-02-05,,65.0,35.0,2024-10-08,0,
600271,航天信息,互联网服务,0,2024-06-25,,44.0,35.0,2024-09-30,0,
600281,华阳新材,小金属,0,2024-07-25,,45.0,43.0,2024-10-28,0,
600293,三峡新材,玻璃玻纤,0,2021-02-08,,55.0,35.0,2021-04-28,0,
600298,安琪酵母,食品饮料,0,2019-01-14,,69.0,68.0,2019-03-21,0,
600300,维维股份,食品饮料,0,2024-09-18,,71.0,57.0,2024-10-08,0,
600303,曙光股份,汽车整车,0,2024-09-18,,51.0,35.0,2024-12-12,0,
600312,平高电气,电网设备,0,2020-02-04,,56.0,41.0,2020-03-09,0,
600316,洪都航空,航天航空,0,2019-01-30,,49.0,39.0,2019-02-20,0,
600328,中盐化工,化学原料,0,2020-11-02,,78.0,63.0,2021-02-23,0,
600330,天通股份,非金属材料,0,2019-01-02,,62.0,53.0,2019-02-13,0,
600332,白云山,中药,0,2022-09-26,,59.0,68.0,2022-11-14,0,
600361,创新新材,有色金属,0,2020-02-03,,53.0,55.0,2020-02-11,0,
600368,五洲交通,铁路公路,0,2019-01-31,,89.0,73.0,2019-03-01,0,
600375,汉马科技,汽车整车,0,2024-02-07,,34.0,33.0,2024-10-25,0,
600392,盛和资源,小金属,0,2020-03-23,,49.0,35.0,2020-07-23,0,
600395,盘江股份,煤炭行业,0,2019-01-30,,84.0,71.0,2019-03-05,0,
600403,大有能源,煤炭行业,0,2021-02-10,,54.0,35.0,2022-01-17,0,
600408,安泰集团,煤炭行业,0,2024-02-07,,51.0,35.0,2024-10-31,0,
600409,三友化工,化学原料,0,2020-05-27,,65.0,55.0,2020-07-27,0,
600410,华胜天成,互联网服务,0,2024-08-27,,51.0,39.0,2024-11-22,0,
600415,小商品城,商业百货,0,2020-04-28,,73.0,78.0,2020-06-03,0,
600416,湘电股份,电机,0,2019-01-29,,54.0,45.0,2019-09-11,0,
600423,柳化股份,化学原料,0,2024-02-07,,65.0,55.0,2024-04-10,0,
600426,华鲁恒升,化学原料,0,2019-01-03,,74.0,76.0,2019-04-08,0,
600435,北方导航,通信设备,0,2022-04-26,,35.0,45.0,2022-07-20,0,
600458,时代新材,风电设备,0,2020-02-04,,48.0,45.0,2020-11-16,0,
600469,风神股份,橡胶制品,0,2019-01-03,,46.0,35.0,2019-02-18,0,
600470,六国化工,化肥行业,0,2020-05-08,,45.0,35.0,2020-10-15,0,
600475,华光环能,电源设备,0,2019-01-31,,78.0,60.0,2019-03-22,0,
600481,双良节能,光伏设备,0,2020-02-04,,80.0,60.0,2020-07-13,0,
600489,中金黄金,贵金属,0,2022-04-26,,45.0,40.0,2022-09-07,0,
600508,上海能源,煤炭行业,0,2020-04-28,,70.0,57.0,2020-07-06,0,
600516,方大炭素,非金属材料,0,2024-09-18,,51.0,48.0,2024-10-11,0,
600519,贵州茅台,酿酒行业,0,2019-01-03,,59.0,66.0,2019-01-31,0,
600522,中天科技,通信设备,0,2020-02-04,,59.0,55.0,2020-03-04,0,
600530,交大昂立,食品饮料,0,2023-07-21,,45.0,35.0,2024-06-21,0,
600537,亿晶光电,光伏设备,0,2024-08-27,,61.0,43.0,2025-07-03,0,
600543,莫高股份,酿酒行业,0,2024-06-24,,49.0,45.0,2024-09-18,0,
600545,卓郎智能,专用设备,0,2024-08-23,,57.0,35.0,2024-11-07,0,
600557,康缘药业,中药,0,2021-02-04,,84.0,57.0,2021-07-01,0,
600559,老白干酒,酿酒行业,0,2020-03-19,,67.0,71.0,2020-06-23,0,
600562,国睿科技,通信设备,0,2024-02-05,,74.0,73.0,2024-04-22,0,
600569,安阳钢铁,钢铁行业,0,2024-09-11,,43.0,35.0,2024-10-28,0,
600573,惠泉啤酒,酿酒行业,0,2020-02-03,,55.0,35.0,2020-05-08,0,
600581,八一钢铁,钢铁行业,0,2024-09-04,,41.0,35.0,2024-09-30,0,
600586,金晶科技,玻璃玻纤,0,2020-02-04,,59.0,45.0,2020-02-19,0,
600597,光明乳业,食品饮料,0,2024-09-18,,59.0,48.0,2024-11-07,0,
600598,北大荒,农牧饲渔,0,2019-01-31,,74.0,76.0,2019-04-04,0,
600600,青岛啤酒,酿酒行业,0,2019-01-14,,41.0,45.0,2019-04-01,0,
600601,方正科技,电子元件,0,2022-01-27,,34.0,33.0,2022-07-12,0,
600611,大众交通,铁路公路,0,2024-02-05,,43.0,67.0,2024-05-08,0,
600613,神奇制药,化学制药,0,2021-02-04,,64.0,35.0,2021-05-14,0,
600616,金枫酒业,酿酒行业,0,2020-02-04,,46.0,35.0,2020-05-14,0,
600618,氯碱化工,化学原料,0,2019-01-02,,84.0,77.0,2019-03-27,0,
600619,海立股份,家电行业,0,2024-02-07,,55.0,45.0,2024-09-20,0,
600641,先导基电,半导体,0,2019-01-02,,90.0,74.0,2019-02-21,0,
600642,申能股份,电力行业,0,2019-01-02,,54.0,52.0,2019-01-24,0,
600654,中安科,软件开发,0,2019-10-31,,36.0,43.0,2020-01-03,0,
600686,金龙汽车,汽车整车,0,2022-04-28,,52.0,49.0,2022-05-27,0,
600708,光明地产,房地产开发,0,2024-07-10,,55.0,35.0,2024-09-26,0,
600711,盛屯矿业,能源金属,0,2024-02-05,,46.0,35.0,2024-04-03,0,
600714,金瑞矿业,化学原料,0,2021-02-04,,44.0,53.0,2021-03-01,0,
600715,文投控股,游戏,0,2024-02-07,,46.0,49.0,2024-03-21,0,
600717,天津港,航运港口,0,2020-04-28,,48.0,45.0,2020-08-03,0,
600725,云维股份,煤炭行业,0,2021-01-08,,49.0,35.0,2021-04-28,0,
600727,鲁北化工,化学原料,0,2024-02-07,,49.0,35.0,2024-04-09,0,
600733,北汽蓝谷,汽车整车,0,2024-02-05,,25.0,44.0,2024-03-13,0,
600740,山西焦化,煤炭行业,0,2020-04-01,,93.0,61.0,2020-08-03,0,
600742,富维股份,汽车零部件,0,2020-04-28,,73.0,58.0,2020-07-10,0,
600758,辽宁能源,煤炭行业,0,2021-02-04,,52.0,35.0,2021-03-24,0,
600764,中国海防,计算机设备,0,2024-02-05,,66.0,53.0,2024-09-23,0,
600767,退市运盛,-,0,2023-06-15,,32.0,,,,
600779,水井坊,酿酒行业,0,2019-01-14,,71.0,71.0,2019-03-18,0,
600782,新钢股份,钢铁行业,0,2024-09-20,,59.0,55.0,2024-10-28,0,
600783,鲁信创投,非金属材料,0,2024-07-08,,78.0,70.0,2024-09-25,0,
600784,鲁银投资,化学原料,0,2020-04-28,,51.0,45.0,2020-07-15,0,
600792,云煤能源,煤炭行业,0,2019-01-02,,49.0,35.0,2019-02-26,0,
600797,浙大网新,互联网服务,0,2024-02-05,,59.0,35.0,2024-10-08,0,
600801,华新建材,水泥建材,0,2019-01-03,,62.0,72.0,2019-03-05,0,
600819,耀皮玻璃,玻璃玻纤,0,2024-02-07,,57.0,35.0,2024-04-08,0,
600825,新华传媒,文化传媒,0,2022-10-28,,52.0,35.0,2022-12-30,0,
600851,海欣股份,化学制药,0,2024-07-08,,70.0,61.0,2024-09-30,0,
600853,龙建股份,工程建设,0,2019-01-02,,60.0,51.0,2019-02-22,0,
600867,通化东宝,生物制品,0,2024-09-23,,81.0,35.0,2025-06-26,0,
600873,梅花生物,化学制品,0,2019-01-03,,76.0,75.0,2019-02-01,0,
600876,凯盛新能,光伏设备,0,2024-08-22,,71.0,60.0,2024-12-12,0,
600877,电科芯片,半导体,0,2019-01-31,,76.0,76.0,2019-03-05,0,
600884,杉杉股份,电子元件,0,2019-06-04,,78.0,68.0,2019-12-17,0,
600885,宏发股份,电网设备,0,2019-05-22,,66.0,71.0,2019-07-10,0,
600888,新疆众和,有色金属,0,2020-02-04,,56.0,51.0,2020-03-02,0,
600925,苏能股份,煤炭行业,0,2025-12-30,,46.0,,,,
600933,爱柯迪,汽车零部件,0,2019-01-31,,87.0,76.0,2019-08-19,0,
600968,海油发展,采掘行业,0,2020-04-28,,40.0,40.0,2020-11-26,0,
600975,新五丰,农牧饲渔,0,2019-01-02,,53.0,35.0,2019-02-13,0,
600979,广安爱众,电力行业,0,2021-02-05,,79.0,75.0,2021-03-29,0,
600984,建设机械,工程机械,0,2024-02-07,,53.0,35.0,2024-10-24,0,
600985,淮北矿业,煤炭行业,0,2020-03-19,,74.0,54.0,2020-07-06,0,
600997,开滦股份,煤炭行业,0,2020-04-28,,76.0,56.0,2020-07-06,0,
601005,重庆钢铁,钢铁行业,0,2024-06-28,,46.0,35.0,2024-09-30,0,
601011,宝泰隆,煤炭行业,0,2024-07-18,,51.0,39.0,2024-12-04,0,
601015,陕西黑猫,煤炭行业,0,2020-03-23,,68.0,35.0,2020-07-09,0,
601018,宁波港,航运港口,0,2020-03-19,,65.0,58.0,2020-07-06,0,
601068,中铝国际,工程建设,0,2021-02-08,,49.0,35.0,2021-04-02,0,
601089,福元医药,化学制药,0,2024-02-05,,77.0,71.0,2024-08-12,0,
601101,昊华能源,煤炭行业,0,2020-05-22,,75.0,61.0,2020-12-23,0,
601117,中国化学,工程建设,0,2019-01-02,,45.0,40.0,2019-04-03,0,
601121,宝地矿业,钢铁行业,0,2024-02-05,,76.0,73.0,2024-04-19,0,
601216,君正集团,化学原料,0,2020-04-01,,77.0,71.0,2020-05-25,0,
601238,广汽集团,汽车整车,0,2024-09-18,,41.0,35.0,2024-11-11,0,
601311,骆驼股份,电池,0,2019-01-31,,71.0,70.0,2019-03-06,0,
601579,会稽山,酿酒行业,0,2020-03-23,,76.0,65.0,2020-05-25,0,
601608,中信重工,专用设备,0,2019-01-02,,39.0,35.0,2019-02-19,0,
601618,中国中冶,工程建设,0,2020-02-04,,47.0,35.0,2020-07-07,0,
601702,华峰铝业,有色金属,0,2020-09-07,,55.0,,,,
601727,上海电气,电源设备,0,2024-07-08,,28.0,25.0,2024-09-30,0,
601777,千里科技,汽车整车,0,2020-02-04,,65.0,39.0,2020-05-29,0,
601857,中国石油,石油行业,0,2020-10-29,,44.0,35.0,2021-03-05,0,
601898,中煤能源,煤炭行业,0,2020-05-22,,53.0,39.0,2020-11-23,0,
601908,京运通,光伏设备,0,2024-09-18,,61.0,41.0,2024-12-11,0,
601918,新集能源,煤炭行业,0,2020-06-15,,73.0,60.0,2020-11-23,0,
601969,海南矿业,钢铁行业,0,2019-01-29,,52.0,39.0,2019-06-21,0,
601985,中国核电,电力行业,0,2020-05-29,,58.0,58.0,2020-08-10,0,
603019,中科曙光,计算机设备,0,2019-01-14,,35.0,41.0,2019-03-05,0,
603028,赛福天,通用设备,0,2024-07-24,,,,,,failed GET https://emweb.securities.eastmoney.com/PC_HSF10/CapitalStockStructure/PageAjax?code=SH603028: Expecting property name enclosed in double quotes: line 1 column 2 (char 1)
603030,全筑股份,装修装饰,0,2024-06-21,,69.0,60.0,2024-10-28,0,
603031,安孚科技,电池,0,2019-01-31,,57.0,45.0,2019-06-27,0,
603040,新坐标,汽车零部件,0,2019-01-31,,90.0,86.0,2019-09-05,0,
603051,鹿山新材,塑料制品,0,2024-02-07,,69.0,35.0,2024-09-30,0,
603072,天和磁材,小金属,0,2025-02-18,,49.0,,,,
603076,乐惠国际,专用设备,0,2020-02-04,,51.0,35.0,2020-05-13,0,
603078,江化微,电子化学品,0,2019-01-31,,79.0,55.0,2019-07-01,0,
603086,先达股份,农药兽药,0,2024-02-07,,91.0,35.0,2024-10-28,0,
603089,正裕工业,汽车零部件,0,2024-02-07,,67.0,41.0,2024-12-02,0,
603100,川仪股份,仪器仪表,0,2019-01-02,,71.0,57.0,2019-01-31,0,
603106,恒银科技,计算机设备,0,2024-02-07,,51.0,35.0,2024-09-26,0,
603112,华翔股份,家电行业,0,2024-02-05,,72.0,70.0,2024-03-20,0,
603119,浙江荣泰,非金属材料,0,2024-09-18,,80.0,79.0,2024-11-04,0,
603121,华培动力,汽车零部件,0,2022-04-28,,66.0,53.0,2023-01-30,0,
603132,金徽股份,有色金属,0,2024-02-05,,77.0,86.0,2024-04-01,0,
603137,恒尚节能,装修建材,0,2024-09-18,,71.0,60.0,2024-10-22,0,
603150,万朗磁塑,塑料制品,0,2024-02-05,,74.0,60.0,2024-04-09,0,
603153,上海建科,工程咨询服务,0,2023-10-23,,63.0,,,,
603160,汇顶科技,半导体,0,2022-10-11,,67.0,68.0,2023-03-27,0,
603180,金牌家居,装修建材,0,2024-09-13,,79.0,60.0,2024-11-29,0,
603190,亚通精工,汽车零部件,0,2024-09-18,,74.0,67.0,2025-03-06,0,
603212,赛伍技术,光伏设备,0,2025-04-28,,56.0,45.0,2025-06-24,0,
603218,日月股份,风电设备,0,2019-01-03,,52.0,58.0,2019-01-16,0,
603239,浙江仙通,汽车零部件,0,2019-12-12,,85.0,90.0,2020-01-02,0,
603257,中国瑞林,工程咨询服务,0,2025-04-30,,52.0,,,,
603258,电魂网络,游戏,0,2019-01-31,,87.0,74.0,2019-06-18,0,
603267,鸿远电子,电子元件,0,2019-05-15,,77.0,,,,
603270,金帝股份,通用设备,0,2024-09-18,,71.0,61.0,2024-12-05,0,
603278,大业股份,通用设备,0,2024-08-27,,67.0,45.0,2024-12-05,0,
603289,泰瑞机器,专用设备,0,2024-02-07,,71.0,57.0,2024-04-11,0,
603298,杭叉集团,工程机械,0,2019-08-09,,69.0,73.0,2019-11-07,0,
603309,维力医疗,医疗器械,0,2019-01-31,,76.0,65.0,2019-04-02,0,
603310,巍华新材,化学原料,0,2024-09-18,,85.0,,,,
603313,梦百合,装修建材,0,2024-09-13,,61.0,41.0,2025-04-11,0,
603320,迪贝电气,电机,0,2024-02-07,,61.0,51.0,2024-06-13,0,
603330,天洋新材,光伏设备,0,2024-07-18,,51.0,35.0,2024-10-31,0,
603333,尚纬股份,电网设备,0,2024-07-24,,57.0,49.0,2024-12-13,0,
603335,迪生力,汽车零部件,0,2024-02-07,,47.0,39.0,2024-12-09,0,
603338,浙江鼎力,工程机械,0,2019-01-03,,57.0,80.0,2019-01-07,0,
603341,龙旗科技,消费电子,0,2024-08-12,,38.0,49.0,2025-08-25,0,
603350,安乃达,电机,0,2024-09-18,,76.0,66.0,2025-07-29,0,
603358,华达科技,汽车零部件,0,2019-01-03,,,,,,failed GET https://emweb.securities.eastmoney.com/PC_HSF10/CapitalStockStructure/PageAjax?code=SH603358: Expecting property name enclosed in double quotes: line 1 column 2 (char 1)
603363,傲农生物,农牧饲渔,0,2024-02-07,,50.0,,,,
603369,今世缘,酿酒行业,0,2019-01-03,,74.0,81.0,2019-02-18,0,
603375,盛景微,电子元件,0,2024-09-18,,82.0,82.0,2025-03-17,0,
603378,亚士创能,装修建材,0,2024-06-24,,58.0,35.0,2024-10-28,0,
603381,永臻股份,光伏设备,0,2025-04-08,,71.0,45.0,2025-08-19,0,
603382,海阳科技,化纤行业,0,2025-11-27,,50.0,,,,
603395,红四方,化肥行业,0,2025-12-16,,43.0,,,,
603408,建霖家居,装修装饰,0,2024-02-07,,86.0,81.0,2024-04-02,0,
603505,金石资源,采掘行业,0,2019-01-03,,80.0,67.0,2019-04-02,0,
603507,振江股份,风电设备,0,2019-08-26,,65.0,63.0,2019-12-17,0,
603511,爱慕股份,纺织服装,0,2024-09-13,,74.0,57.0,2024-12-02,0,
603527,众源新材,有色金属,0,2019-11-15,,63.0,58.0,2019-12-30,0,
603538,美诺华,化学制药,0,2024-09-20,,55.0,45.0,2025-02-27,0,
603577,汇金通,电网设备,0,2024-02-07,,54.0,35.0,2025-02-17,0,
603586,金麒麟,汽车零部件,0,2022-04-26,,82.0,45.0,2022-07-14,0,
603589,口子窖,酿酒行业,0,2019-01-03,,81.0,83.0,2019-03-18,0,
603601,再升科技,玻璃玻纤,0,2024-02-07,,76.0,35.0,2024-11-07,0,
603628,清源股份,光伏设备,0,2020-02-04,,50.0,45.0,2020-06-29,0,
603629,利通电子,消费电子,0,2022-04-26,,57.0,45.0,2022-06-06,0,
603630,拉芳家化,美容护理,0,2024-09-18,,65.0,53.0,2024-10-24,0,
603658,安图生物,医疗器械,0,2019-01-02,,69.0,71.0,2019-03-18,0,
603668,天马科技,农牧饲渔,0,2021-01-29,,57.0,41.0,2021-09-27,0,
603669,灵康药业,化学制药,0,2024-02-07,,47.0,35.0,2024-10-24,0,
603677,奇精机械,家电行业,0,2024-02-07,,65.0,45.0,2024-10-22,0,
603683,晶华新材,化学制品,0,2020-02-04,,50.0,35.0,2020-05-12,0,
603701,德宏股份,汽车零部件,0,2019-01-31,,83.0,86.0,2019-03-05,0,
603707,健友股份,化学制药,0,2019-01-14,,63.0,69.0,2019-02-25,0,
603711,香飘飘,食品饮料,0,2022-10-28,,71.0,57.0,2022-12-07,0,
603712,七一二,通信设备,0,2024-09-18,,68.0,68.0,2025-04-10,0,
603719,良品铺子,食品饮料,0,2024-09-18,,65.0,45.0,2025-01-08,0,
603726,朗迪集团,家电行业,0,2024-02-07,,76.0,74.0,2024-08-15,0,
603758,秦安股份,汽车零部件,0,2019-11-15,,49.0,45.0,2020-01-02,0,
603766,隆鑫通用,交运设备,0,2021-02-05,,73.0,55.0,2021-06-18,0,
603767,中马传动,汽车零部件,0,2021-02-05,,71.0,53.0,2021-11-29,0,
603778,国晟科技,光伏设备,0,2024-07-24,,49.0,35.0,2025-03-12,0,
603779,威龙股份,酿酒行业,0,2020-05-25,,49.0,35.0,2020-11-06,0,
603786,科博达,汽车零部件,0,2022-04-26,,74.0,67.0,2022-11-03,0,
603799,华友钴业,能源金属,0,2019-06-06,,64.0,82.0,2019-11-25,0,
603815,交建股份,工程建设,0,2024-08-29,,59.0,45.0,2024-10-16,0,
603818,曲美家居,装修建材,0,2024-09-18,,51.0,45.0,2025-05-14,0,
603819,神力股份,电机,0,2024-09-18,,87.0,71.0,2024-11-15,0,
603826,坤彩科技,非金属材料,0,2019-01-03,,65.0,73.0,2019-01-08,0,
603829,洛凯股份,电网设备,0,2019-01-31,,79.0,72.0,2019-08-01,0,
603833,欧派家居,装修建材,0,2024-09-09,,74.0,66.0,2024-10-28,0,
603856,东宏股份,装修建材,0,2020-02-03,,69.0,60.0,2020-02-12,0,
603881,数据港,互联网服务,0,2019-01-03,,75.0,74.0,2019-03-11,0,
603890,春秋电子,消费电子,0,2019-01-31,,69.0,53.0,2019-06-10,0,
603915,国茂股份,通用设备,0,2020-02-04,,69.0,71.0,2020-07-13,0,
603919,金徽酒,酿酒行业,0,2019-01-31,,88.0,76.0,2019-03-18,0,
603959,百利科技,工程咨询服务,0,2024-07-10,,37.0,47.0,2025-05-27,0,
603968,醋化股份,化学制品,0,2024-08-23,,55.0,35.0,2024-12-16,0,
603976,正川股份,医疗器械,0,2024-02-07,,71.0,35.0,2024-10-08,0,
603986,兆易创新,半导体,0,2019-01-14,,35.0,39.0,2019-03-12,0,
603995,甬金股份,钢铁行业,0,2020-03-23,,57.0,62.0,2021-01-19,0,
605123,派克新材,通用设备,0,2020-08-25,,76.0,,,,
605136,丽人丽妆,商业百货,0,2024-07-10,,57.0,39.0,2024-11-28,0,
605151,西上海,汽车零部件,0,2024-02-07,,74.0,60.0,2024-04-01,0,
605158,华达新材,钢铁行业,0,2024-02-07,,65.0,58.0,2024-03-29,0,
605258,协和电子,电子元件,0,2024-02-07,,70.0,57.0,2024-06-05,0,
605365,立达信,家电行业,0,2022-04-26,,68.0,48.0,2022-11-07,0,
605369,拱东医疗,医疗器械,0,2020-09-16,,74.0,,,,
605376,博迁新材,小金属,0,2020-12-08,,76.0,,,,
605588,冠石科技,半导体,0,2022-04-28,,63.0,60.0,2023-03-01,0,
605589,圣泉集团,化学制品,0,2022-10-10,,63.0,60.0,2023-06-30,0,
688001,华兴源创,专用设备,0,2022-04-26,,76.0,63.0,2022-08-08,0,
688006,杭可科技,电池,0,2024-09-23,,89.0,76.0,2024-11-11,0,
688010,福光股份,光学光电子,0,2024-09-18,,51.0,49.0,2024-10-30,0,
688016,心脉医疗,医疗器械,0,2024-09-23,,80.0,76.0,2024-12-05,0,
688018,乐鑫科技,半导体,0,2022-10-11,,74.0,64.0,2023-03-16,0,
688029,南微医学,医疗器械,0,2024-08-23,,72.0,86.0,2024-09-30,0,
688032,禾迈股份,光伏设备,0,2025-04-07,,71.0,,,,
688033,天宜新材,光伏设备,0,2024-09-18,,75.0,35.0,2025-06-25,0,
688035,德邦科技,电子元件,0,2024-09-18,,75.0,59.0,2025-02-11,0,
688039,当虹科技,互联网服务,0,2024-02-07,,53.0,45.0,2024-10-08,0,
688041,海光信息,半导体,0,2022-10-19,,37.0,,,,
688045,必易微,半导体,0,2024-09-23,,51.0,39.0,2024-10-23,0,
688046,药康生物,生物制品,0,2024-07-09,,84.0,70.0,2024-10-08,0,
688049,炬芯科技,半导体,0,2024-02-05,,71.0,69.0,2024-10-08,0,
688052,纳芯微,半导体,0,2024-04-19,,63.0,49.0,2024-10-10,0,
688056,莱伯泰科,仪器仪表,0,2024-02-07,,79.0,47.0,2024-10-08,0,
688058,宝兰德,软件开发,0,2024-09-18,,57.0,35.0,2024-10-24,0,
688066,航天宏图,航天航空,0,2024-09-18,,53.0,49.0,2025-08-08,0,
688067,爱威科技,医疗器械,0,2024-02-07,,56.0,55.0,2024-11-06,0,
688071,华依科技,汽车零部件,0,2024-09-18,,53.0,39.0,2025-01-21,0,
688072,拓荆科技,半导体,0,2022-04-25,,24.0,,,,
688079,美迪凯,光学光电子,0,2024-09-18,,47.0,39.0,2024-11-11,0,
688080,映翰通,通信设备,0,2024-09-18,,88.0,73.0,2024-10-08,0,
688092,爱科科技,专用设备,0,2022-04-26,,85.0,73.0,2023-03-06,0,
688093,世华科技,电子元件,0,2024-02-05,,88.0,73.0,2024-06-17,0,
688095,福昕软件,软件开发,0,2024-08-27,,51.0,35.0,2024-09-30,0,
688103,国力电子,电子元件,0,2022-04-26,,79.0,69.0,2022-10-14,0,
688110,东芯股份,半导体,0,2024-09-23,,46.0,39.0,2024-12-30,0,
688115,思林杰,仪器仪表,0,2024-04-16,,83.0,47.0,2024-09-27,0,
688119,中钢洛耐,非金属材料,0,2024-09-18,,55.0,35.0,2024-10-10,0,
688137,近岸蛋白,生物制品,0,2024-08-23,,61.0,47.0,2025-03-04,0,
688159,有方科技,通信设备,0,2022-12-29,,49.0,35.0,2023-03-08,0,
688161,威高骨科,医疗器械,0,2024-07-04,,58.0,51.0,2025-02-27,0,
688166,博瑞医药,化学制药,0,2022-10-11,,77.0,72.0,2023-02-14,0,
688167,炬光科技,半导体,0,2024-09-13,,80.0,64.0,2025-02-17,0,
688172,燕东微,半导体,0,2024-09-23,,67.0,61.0,2024-10-14,0,
688173,希荻微,半导体,0,2024-09-18,,49.0,39.0,2024-11-19,0,
688177,百奥泰,生物制品,0,2022-10-11,,54.0,51.0,2022-11-07,0,
688179,阿拉丁,化学制品,0,2024-02-05,,84.0,69.0,2024-09-27,0,
688182,灿勤科技,通信设备,0,2024-02-05,,74.0,55.0,2024-10-30,0,
688200,华峰测控,半导体,0,2024-02-05,,84.0,60.0,2024-10-10,0,
688210,统联精密,电子元件,0,2022-04-26,,79.0,65.0,2023-02-07,0,
688213,思特威-W,半导体,0,2022-11-01,,58.0,40.0,2023-06-14,0,
688217,睿昂基因,医疗器械,0,2024-07-24,,50.0,39.0,2025-02-19,0,
688222,成都先导,医疗服务,0,2024-09-18,,67.0,55.0,2024-10-23,0,
688223,晶科能源,光伏设备,0,2025-06-23,,36.0,,,,
688229,博睿数据,互联网服务,0,2024-02-07,,46.0,49.0,2024-09-30,0,
688235,百济神州-U,生物制品,0,2022-05-12,,18.0,39.0,2023-01-10,0,
688236,春立医疗,医疗器械,0,2024-09-20,,89.0,60.0,2025-05-20,0,
688249,晶合集成,半导体,0,2024-02-05,,71.0,44.0,2024-10-09,0,
688251,井松智能,通用设备,0,2024-02-07,,77.0,57.0,2024-09-30,0,
688261,东微半导,半导体,0,2024-09-18,,78.0,65.0,2025-03-04,0,
688268,华特气体,电子化学品,0,2024-09-23,,75.0,64.0,2024-11-08,0,
688271,联影医疗,医疗器械,0,2024-09-23,,54.0,63.0,2024-11-11,0,
688273,麦澜德,医疗器械,0,2024-02-07,,89.0,74.0,2024-12-16,0,
688275,万润新能,电池,0,2024-09-23,,51.0,35.0,2024-11-06,0,
688276,百克生物,生物制品,0,2025-12-23,,73.0,,,,
688283,坤恒顺维,专用设备,0,2022-04-26,,74.0,80.0,2023-03-10,0,
688298,东方生物,医疗器械,0,2025-04-28,,49.0,45.0,2025-07-24,0,
688300,联瑞新材,非金属材料,0,2019-11-26,,68.0,,,,
688303,大全能源,光伏设备,0,2024-08-27,,77.0,70.0,2024-10-23,0,
688326,经纬恒润-W,汽车零部件,0,2024-04-16,,64.0,49.0,2025-02-17,0,
688338,赛科希德,医疗器械,0,2024-02-05,,86.0,70.0,2024-11-04,0,
688339,亿华通-U,电池,0,2024-09-23,,49.0,45.0,2025-03-21,0,
688343,云天励飞-U,软件开发,0,2024-09-23,,46.0,39.0,2024-12-11,0,
688345,博力威,电池,0,2024-09-18,,51.0,49.0,2025-03-04,0,
688348,昱能科技,光伏设备,0,2024-07-04,,83.0,,,,
688352,颀中科技,半导体,0,2024-09-23,,79.0,66.0,2024-10-15,0,
688358,祥生医疗,医疗器械,0,2024-09-18,,90.0,87.0,2025-02-14,0,
688361,中科飞测,半导体,0,2024-06-28,,60.0,53.0,2024-10-09,0,
688366,昊海生科,医疗器械,0,2022-10-11,,70.0,66.0,2022-12-29,0,
688369,致远互联,软件开发,0,2024-09-18,,53.0,49.0,2025-02-13,0,
688380,中微半导,半导体,0,2024-04-16,,58.0,35.0,2024-09-26,0,
688390,固德威,光伏设备,0,2020-09-08,,59.0,,,,
688408,中信博,光伏设备,0,2022-04-26,,71.0,,,,
688409,富创精密,半导体,0,2024-02-05,,78.0,47.0,2024-10-10,0,
688411,海博思创,电源设备,0,2025-02-11,,49.0,,,,
688429,时创能源,光伏设备,0,2024-06-06,,71.0,61.0,2024-09-30,0,
688432,有研硅,半导体,0,2024-02-05,,81.0,74.0,2024-10-08,0,
688450,光格科技,仪器仪表,0,2024-09-18,,83.0,80.0,2025-02-25,0,
688469,芯联集成-U,半导体,0,2024-09-18,,30.0,30.0,2024-10-21,0,
688472,阿特斯,光伏设备,0,2025-06-16,,51.0,53.0,2025-09-08,0,
688486,龙迅股份,半导体,0,2024-09-23,,77.0,70.0,2024-10-18,0,
688488,艾迪药业,生物制品,0,2024-09-23,,49.0,35.0,2025-05-27,0,
688501,青达环保,专用设备,0,2022-04-26,,61.0,63.0,2022-08-15,0,
688503,聚和材料,光伏设备,0,2024-09-23,,65.0,48.0,2024-10-08,0,
688505,复旦张江,化学制药,0,2024-07-10,,62.0,55.0,2024-09-30,0,
688510,航亚科技,航天航空,0,2024-02-05,,57.0,57.0,2024-03-20,0,
688512,慧智微-U,半导体,0,2024-09-18,,53.0,39.0,2025-03-04,0,
688521,芯原股份,半导体,0,2024-09-23,,34.0,32.0,2024-10-21,0,
688551,科威尔,电源设备,0,2024-09-20,,87.0,61.0,2025-06-25,0,
688552,航天南湖,通信设备,0,2024-09-18,,71.0,55.0,2024-10-21,0,
688560,明冠新材,光伏设备,0,2024-08-20,,51.0,35.0,2024-10-08,0,
688567,孚能科技,电池,0,2024-08-23,,40.0,35.0,2024-10-08,0,
688568,中科星图,互联网服务,0,2020-12-28,,67.0,65.0,2021-07-30,0,
688570,天玛智控,软件开发,0,2024-09-13,,85.0,73.0,2024-12-09,0,
688573,信宇人,电池,0,2024-09-23,,73.0,67.0,2025-02-25,0,
688579,山大地纬,软件开发,0,2024-02-05,,73.0,60.0,2024-10-08,0,
688580,伟思医疗,医疗器械,0,2024-09-18,,89.0,87.0,2025-02-24,0,
688588,凌志软件,软件开发,0,2024-08-22,,79.0,61.0,2024-09-30,0,
688590,新致软件,软件开发,0,2022-10-10,,83.0,71.0,2023-02-07,0,
688598,金博股份,光伏设备,0,2024-09-20,,88.0,74.0,2025-03-07,0,
688599,天合光能,光伏设备,0,2025-04-29,,60.0,29.0,2025-11-05,0,
688602,康鹏科技,化学制品,0,2025-04-07,,78.0,35.0,2025-06-06,0,
688605,先锋精科,半导体,0,2025-05-28,,57.0,,,,
688607,康众医疗,医疗器械,0,2024-08-23,,54.0,47.0,2024-11-11,0,
688608,恒玄科技,半导体,0,2022-10-11,,75.0,70.0,2023-03-23,0,
688636,智明达,互联网服务,0,2024-09-23,,79.0,64.0,2024-11-11,0,
688638,誉辰智能,电池,0,2024-09-23,,73.0,57.0,2025-02-21,0,
688652,京仪装备,半导体,0,2024-09-23,,64.0,64.0,2024-12-25,0,
688660,电气风电,风电设备,0,2024-06-24,,46.0,35.0,2024-09-30,0,
688680,海优新材,光伏设备,0,2024-09-23,,53.0,39.0,2025-03-11,0,
688683,莱尔科技,消费电子,0,2024-02-07,,73.0,47.0,2024-11-08,0,
688687,凯因科技,生物制品,0,2022-10-11,,69.0,63.0,2022-11-07,0,
688695,中创股份,软件开发,0,2024-09-18,,74.0,60.0,2025-07-16,0,
688697,纽威数控,通用设备,0,2022-04-26,,57.0,73.0,2022-10-28,0,
688699,明微电子,半导体,0,2024-02-07,,57.0,39.0,2024-10-15,0,
688701,卓锦股份,环保行业,0,2024-04-16,,44.0,34.0,2025-02-24,0,
688702,盛科通信-U,半导体,0,2024-02-05,,21.0,32.0,2024-10-18,0,
688707,振华新材,电池,0,2024-09-23,,61.0,39.0,2025-03-05,0,
688708,佳驰科技,非金属材料,0,2025-04-29,,63.0,,,,
688709,成都华微,半导体,0,2024-09-18,,76.0,79.0,2025-03-13,0,
688711,宏微科技,半导体,0,2024-09-23,,76.0,64.0,2025-03-06,0,
688717,艾罗能源,光伏设备,0,2024-07-04,,87.0,63.0,2025-07-02,0,
688719,爱科赛博,电源设备,0,2024-09-18,,81.0,84.0,2025-02-25,0,
688720,艾森股份,半导体,0,2024-02-07,,52.0,,,,
688721,龙图光罩,半导体,0,2024-09-20,,74.0,,,,
688726,拉普拉斯,光伏设备,0,2025-04-07,,49.0,,,,
688727,恒坤新材,半导体,0,2025-12-05,,52.0,,,,
688729,屹唐股份,半导体,0,2025-07-15,,37.0,,,,
688758,赛分科技,化学原料,0,2025-04-07,,62.0,,,,
688772,珠海冠宇,电池,0,2024-04-16,,42.0,35.0,2024-10-09,0,
688775,影石创新,消费电子,0,2025-07-21,,49.0,,,,
688778,厦钨新能,电池,0,2024-09-23,,54.0,45.0,2024-10-14,0,
688788,科思科技,通信设备,0,2024-02-07,,51.0,35.0,2024-11-08,0,
688789,宏华数科,专用设备,0,2024-02-05,,75.0,66.0,2024-03-18,0,
688790,昂瑞微-UW,半导体,0,2025-12-30,,24.0,,,,
688795,摩尔线程-U,半导体,0,2025-12-08,,14.0,,,,
688809,N强一,半导体,0,2025-12-30,,53.0,,,,
000155,川能动力,电力行业,1,2019-01-31,2021-08-25,73.0,70.0,2019-12-19,0,
000408,藏格矿业,化肥行业,1,2020-03-25,2020-03-31,81.0,78.0,2021-01-28,1,
000422,湖北宜化,化肥行业,1,2020-02-05,2021-08-31,68.0,61.0,2020-09-04,1,
000506,招金黄金,贵金属,1,2024-07-10,2025-06-09,52.0,49.0,2025-02-19,0,
000568,泸州老窖,酿酒行业,1,2019-01-03,2020-10-28,68.0,80.0,2019-03-18,0,
000592,平潭发展,农牧饲渔,1,2024-06-24,2025-12-12,51.0,35.0,2024-10-29,0,
000628,高新发展,工程建设,1,2021-07-28,2024-02-29,58.0,61.0,2021-11-23,0,
000683,博源化工,化学原料,1,2020-05-25,2021-07-26,75.0,57.0,2020-08-05,0,
000707,双环科技,化学原料,1,2021-01-13,2022-06-30,42.0,35.0,2021-04-07,0,
000708,中信特钢,钢铁行业,1,2019-01-04,2019-10-28,37.0,37.0,2019-02-25,1,
000733,振华科技,电子元件,1,2019-01-02,2021-07-26,56.0,45.0,2019-02-18,1,
000756,新华制药,化学制药,1,2019-01-03,2022-12-16,70.0,52.0,2019-04-04,0,
000762,西藏矿业,能源金属,1,2019-01-31,2021-08-19,61.0,45.0,2020-01-06,1,
000766,通化金马,化学制药,1,2021-01-13,2025-11-13,51.0,35.0,2021-04-29,0,
000799,酒鬼酒,酿酒行业,1,2019-01-03,2020-11-05,76.0,83.0,2019-03-20,1,
000807,云铝股份,有色金属,1,2019-01-31,2025-10-29,69.0,35.0,2019-09-04,0,
000858,五 粮 液,酿酒行业,1,2019-01-03,2020-10-29,66.0,76.0,2019-02-25,0,
000880,潍柴重机,通用设备,1,2020-02-04,2025-07-18,53.0,35.0,2020-04-30,0,
000893,亚钾国际,化肥行业,1,2019-01-31,2022-04-07,51.0,39.0,2019-02-22,0,
000921,海信家电,家电行业,1,2019-01-03,2024-04-03,78.0,65.0,2019-03-06,0,
000933,神火股份,有色金属,1,2019-08-09,2020-11-23,51.0,59.0,2019-12-19,1,
000937,冀中能源,煤炭行业,1,2019-05-30,2020-08-18,58.0,,,,
000983,山西焦煤,煤炭行业,1,2020-04-28,2021-05-07,69.0,60.0,2020-07-14,0,
000995,皇台酒业,酿酒行业,1,2019-01-31,2021-06-09,29.0,33.0,2019-04-10,0,
001309,德明利,半导体,1,2022-07-01,2025-09-22,61.0,,,,
001696,宗申动力,交运设备,1,2019-01-02,2024-10-28,68.0,57.0,2019-02-11,0,
002006,精工科技,专用设备,1,2020-02-04,2021-12-01,53.0,45.0,2020-02-26,0,
002028,思源电气,电网设备,1,2019-08-07,2024-10-30,66.0,67.0,2019-10-28,1,
002030,达安基因,医疗器械,1,2019-01-31,2020-07-13,59.0,65.0,2020-01-21,0,
002052,同洲电子,家电行业,1,2024-06-11,2025-04-25,27.0,43.0,2024-08-29,0,
002080,中材科技,玻璃玻纤,1,2019-01-02,2021-09-07,65.0,64.0,2019-03-04,0,
002088,鲁阳节能,装修建材,1,2019-01-02,2021-08-12,87.0,,,,
002130,沃尔核材,非金属材料,1,2019-01-02,2024-12-26,71.0,53.0,2019-03-06,0,
002149,西部材料,小金属,1,2019-01-02,2025-12-24,59.0,45.0,2019-03-04,0,
002176,江特电机,电机,1,2020-05-20,2021-07-16,50.0,49.0,2020-12-11,0,
002192,融捷股份,能源金属,1,2020-04-29,2021-07-12,45.0,47.0,2020-10-29,0,
002240,盛新锂能,能源金属,1,2019-11-18,2021-08-31,48.0,45.0,2020-01-03,1,
002241,歌尔股份,消费电子,1,2019-01-30,2021-12-08,62.0,62.0,2019-04-24,0,
002245,蔚蓝锂芯,电池,1,2019-08-06,2021-11-30,74.0,70.0,2020-01-17,0,
002261,拓维信息,软件开发,1,2019-01-31,2025-02-21,61.0,47.0,2019-02-28,0,
002270,华明装备,电网设备,1,2019-01-31,2023-12-14,94.0,80.0,2019-03-06,0,
002271,东方雨虹,装修建材,1,2019-01-03,2021-01-07,65.0,59.0,2019-03-22,0,
002290,禾盛新材,家电行业,1,2020-02-04,2025-10-23,67.0,45.0,2020-06-05,0,
002315,焦点科技,互联网服务,1,2019-01-31,2023-04-26,63.0,51.0,2019-04-03,0,
002326,永太科技,化学制品,1,2019-01-02,2021-09-10,63.0,53.0,2019-02-14,1,
002335,科华数据,电源设备,1,2019-01-31,2025-09-12,94.0,45.0,2019-07-19,0,
002351,漫步者,消费电子,1,2019-01-02,2020-06-02,79.0,47.0,2019-07-24,0,
002371,北方华创,半导体,1,2019-01-03,2021-07-22,35.0,52.0,2019-02-11,1,
002384,东山精密,电子元件,1,2019-01-29,2025-12-29,48.0,30.0,2019-03-05,0,
002402,和而泰,消费电子,1,2019-01-02,2025-09-24,62.0,59.0,2019-02-25,0,
002432,九安医疗,医疗器械,1,2019-11-28,2021-11-24,57.0,53.0,2020-02-06,1,
002459,晶澳科技,光伏设备,1,2019-01-02,2021-08-10,36.0,40.0,2019-02-25,0,
002460,赣锋锂业,能源金属,1,2019-01-31,2021-07-12,68.0,72.0,2019-11-19,0,
002463,沪电股份,电子元件,1,2019-01-03,2025-01-22,37.0,53.0,2019-01-18,1,
002466,天齐锂业,能源金属,1,2020-04-29,2021-08-20,79.0,44.0,2020-07-13,0,
002472,双环传动,汽车零部件,1,2020-03-23,2025-02-21,71.0,45.0,2020-08-03,1,
002475,立讯精密,消费电子,1,2019-01-04,2025-09-24,37.0,51.0,2019-02-18,0,
002487,大金重工,风电设备,1,2019-01-03,2021-10-20,56.0,35.0,2019-02-11,1,
002517,恺英网络,游戏,1,2020-02-03,2025-07-01,64.0,35.0,2020-05-29,1,
002518,科士达,电源设备,1,2019-01-03,2022-10-18,89.0,75.0,2019-04-01,0,
002536,飞龙股份,汽车零部件,1,2019-11-13,2025-08-18,79.0,64.0,2020-02-24,0,
002541,鸿路钢构,水泥建材,1,2019-01-03,2020-08-03,65.0,45.0,2019-02-25,1,
002553,南方精工,汽车零部件,1,2020-02-04,2025-08-28,88.0,61.0,2020-05-14,0,
002555,三七互娱,游戏,1,2019-01-03,2020-06-30,85.0,80.0,2019-07-04,0,
002568,百润股份,酿酒行业,1,2019-01-02,2020-07-13,85.0,79.0,2019-02-22,1,
002594,比亚迪,汽车整车,1,2019-11-18,2022-06-23,33.0,35.0,2020-01-17,0,
002603,以岭药业,中药,1,2019-08-07,2022-12-08,63.0,75.0,2019-11-19,0,
002605,姚记科技,游戏,1,2019-01-03,2020-07-14,73.0,59.0,2019-02-28,0,
002612,朗姿股份,纺织服装,1,2020-04-29,2021-05-19,71.0,35.0,2020-06-05,0,
002648,卫星化学,化学原料,1,2019-01-03,2021-08-03,74.0,70.0,2019-03-18,0,
002683,广东宏大,采掘行业,1,2019-01-31,2020-08-03,54.0,55.0,2019-02-25,0,
002709,天赐材料,化学制品,1,2019-01-02,2020-12-14,52.0,73.0,2019-12-02,1,
002714,牧原股份,农牧饲渔,1,2019-01-03,2021-02-08,47.0,68.0,2019-01-04,1,
002738,中矿资源,能源金属,1,2019-12-03,2022-02-21,63.0,65.0,2020-01-15,1,
002756,永兴材料,钢铁行业,1,2019-01-21,2019-02-14,81.0,74.0,2019-09-25,1,
002779,中坚科技,专用设备,1,2021-02-08,2025-01-22,53.0,35.0,2021-10-08,1,
002791,坚朗五金,装修建材,1,2019-01-03,2020-05-28,74.0,61.0,2019-03-28,1,
002810,山东赫达,化学制品,1,2019-01-14,2021-05-24,53.0,59.0,2019-02-20,0,
002812,恩捷股份,电池,1,2019-01-16,2021-07-07,52.0,69.0,2019-01-23,1,
002837,英维克,专用设备,1,2019-01-03,2024-12-26,64.0,59.0,2019-01-08,1,
002847,盐津铺子,食品饮料,1,2019-01-31,2020-06-01,65.0,52.0,2019-06-24,0,
002850,科达利,电池,1,2019-01-17,2021-10-15,79.0,35.0,2019-07-25,1,
002865,钧达股份,光伏设备,1,2020-02-04,2022-06-13,57.0,35.0,2020-08-06,1,
002884,凌霄泵业,通用设备,1,2019-01-31,2021-12-21,87.0,80.0,2019-03-20,0,
002896,中大力德,通用设备,1,2020-04-29,2025-02-26,78.0,60.0,2020-06-05,1,
002920,德赛西威,汽车零部件,1,2019-01-03,2021-11-29,74.0,75.0,2019-04-02,0,
002932,明德生物,医疗器械,1,2019-11-29,2022-01-10,76.0,67.0,2020-02-03,0,
003010,若羽臣,互联网服务,1,2024-02-07,2025-06-12,55.0,51.0,2024-09-30,0,
003031,中瓷电子,通信设备,1,2021-01-04,2022-08-04,67.0,,,,
300014,亿纬锂能,电池,1,2019-01-17,2020-11-13,47.0,54.0,2019-01-24,1,
300033,同花顺,软件开发,1,2019-01-02,2024-11-05,65.0,71.0,2019-02-13,1,
300035,中科电气,非金属材料,1,2019-01-02,2021-10-27,65.0,65.0,2019-02-22,0,
300049,福瑞医科,医疗器械,1,2020-02-03,2025-08-19,55.0,47.0,2020-05-29,1,
300100,双林股份,汽车零部件,1,2020-05-22,2025-01-20,46.0,35.0,2020-08-03,1,
300151,昌红科技,专用设备,1,2019-01-31,2021-12-03,57.0,57.0,2019-03-06,0,
300153,科泰电源,电源设备,1,2024-02-07,2025-03-12,55.0,35.0,2024-09-27,0,
300158,振东制药,化学制药,1,2019-01-31,2022-03-24,78.0,49.0,2019-07-03,0,
300171,东富龙,医疗器械,1,2019-01-31,2021-07-29,62.0,63.0,2019-02-27,0,
300204,舒泰神,生物制品,1,2024-04-16,2025-08-18,49.0,35.0,2025-03-11,0,
300223,北京君正,半导体,1,2019-01-03,2021-07-28,46.0,33.0,2019-02-26,0,
300255,常山药业,化学制药,1,2019-01-03,2025-06-06,77.0,82.0,2019-03-08,1,
300260,新莱应材,通用设备,1,2019-01-29,2022-08-10,53.0,45.0,2020-01-15,1,
300274,阳光电源,光伏设备,1,2019-01-03,2020-11-03,76.0,74.0,2019-08-21,1,
300300,海峡创新,互联网服务,1,2024-06-28,2025-10-31,33.0,37.0,2024-12-16,0,
300308,中际旭创,通信设备,1,2022-10-10,2024-10-08,60.0,60.0,2023-02-07,1,
300316,晶盛机电,光伏设备,1,2019-01-23,2021-08-30,71.0,72.0,2019-03-05,0,
300346,南大光电,电子化学品,1,2019-01-02,2021-07-28,70.0,70.0,2019-03-04,0,
300363,博腾股份,化学制药,1,2019-06-10,2021-04-20,73.0,71.0,2019-07-16,1,
300364,中文在线,文化传媒,1,2020-03-31,2023-11-22,49.0,35.0,2020-04-30,0,
300390,天华新能,能源金属,1,2019-01-14,2019-01-23,53.0,65.0,2020-01-03,1,
300394,天孚通信,通信设备,1,2019-01-03,2023-06-12,63.0,78.0,2019-01-21,1,
300395,菲利华,非金属材料,1,2019-01-03,2025-08-13,72.0,82.0,2019-01-23,1,
300432,富临精工,汽车零部件,1,2019-01-31,2021-07-22,86.0,45.0,2019-10-30,1,
300436,广生堂,化学制药,1,2024-07-24,2025-08-14,43.0,39.0,2024-08-14,0,
300438,鹏辉能源,电池,1,2019-08-09,2022-09-07,75.0,78.0,2019-11-04,0,
300442,润泽科技,互联网服务,1,2019-01-31,2024-12-13,57.0,35.0,2019-07-05,1,
300468,四方精创,软件开发,1,2019-01-31,2025-06-17,84.0,73.0,2019-03-27,0,
300469,信息发展,软件开发,1,2024-02-07,2025-09-05,42.0,35.0,2024-09-19,0,
300475,香农芯创,电子元件,1,2019-01-30,2023-07-13,84.0,70.0,2019-03-06,1,
300476,胜宏科技,电子元件,1,2019-06-06,2025-03-17,75.0,71.0,2019-08-13,1,
300489,光智科技,光学光电子,1,2019-01-31,2024-10-22,59.0,47.0,2019-03-05,1,
300492,华图山鼎,工程咨询服务,1,2019-01-29,2024-02-29,68.0,55.0,2019-04-09,0,
300502,新易盛,通信设备,1,2019-01-03,2023-04-20,64.0,60.0,2019-01-17,1,
300526,中潜退,-,1,2019-01-31,2020-03-17,72.0,51.0,2019-05-31,1,
300548,长芯博创,通信设备,1,2019-01-30,2025-08-20,69.0,78.0,2019-03-06,0,
300552,万集科技,软件开发,1,2019-01-31,2020-01-13,62.0,51.0,2019-04-02,0,
300570,太辰光,通信设备,1,2022-04-26,2025-01-07,74.0,65.0,2022-07-18,0,
300573,兴齐眼药,化学制药,1,2019-01-30,2019-04-22,78.0,65.0,2019-04-10,1,
300576,容大感光,电子化学品,1,2019-01-31,2024-11-05,63.0,56.0,2019-02-13,0,
300593,新雷能,电源设备,1,2019-01-30,2022-08-09,66.0,57.0,2019-02-14,0,
300595,欧普康视,医疗器械,1,2019-01-29,2021-02-10,51.0,77.0,2019-02-21,1,
300598,诚迈科技,软件开发,1,2019-01-31,2020-01-15,60.0,66.0,2019-04-02,0,
300604,长川科技,半导体,1,2019-01-31,2022-09-05,61.0,70.0,2019-04-02,0,
300620,光库科技,通信设备,1,2019-07-22,2025-09-22,69.0,64.0,2019-10-16,0,
300622,博士眼镜,商业百货,1,2019-01-31,2024-12-20,69.0,70.0,2019-04-03,0,
300638,广和通,通信设备,1,2019-01-30,2025-02-07,45.0,53.0,2019-02-12,1,
300641,正丹股份,化学制品,1,2024-02-07,2024-05-06,64.0,45.0,2024-04-11,0,
300660,江苏雷利,电机,1,2019-01-03,2025-09-16,82.0,60.0,2019-07-19,0,
300661,圣邦股份,半导体,1,2019-01-02,2020-07-01,55.0,73.0,2019-03-06,1,
300671,富满微,半导体,1,2019-01-31,2021-06-29,75.0,60.0,2019-05-30,0,
300672,国科微,半导体,1,2019-01-02,2021-11-12,63.0,57.0,2019-06-03,0,
300677,英科医疗,医疗器械,1,2019-01-02,2020-05-26,60.0,61.0,2020-01-03,1,
300680,隆盛科技,汽车零部件,1,2019-01-31,2025-09-12,70.0,39.0,2019-08-05,0,
300693,盛弘股份,电源设备,1,2019-08-06,2022-11-02,66.0,53.0,2020-01-02,0,
300712,永福股份,工程建设,1,2020-02-04,2021-07-29,74.0,65.0,2020-04-22,0,
300718,长盛轴承,工程机械,1,2019-01-02,2025-02-17,83.0,77.0,2019-04-10,0,
300750,宁德时代,电池,1,2019-06-04,2021-06-11,40.0,46.0,2019-07-23,1,
300751,迈为股份,光伏设备,1,2019-06-17,2021-07-20,52.0,77.0,2020-01-07,1,
300757,罗博特科,专用设备,1,2019-01-08,2024-10-14,68.0,,,,
300759,康龙化成,医疗服务,1,2019-01-28,2020-06-23,64.0,,,,
300763,锦浪科技,光伏设备,1,2019-08-16,2021-01-20,54.0,70.0,2020-04-14,1,
300765,新诺威,食品饮料,1,2020-02-03,2025-05-22,73.0,76.0,2020-04-16,0,
300767,震安科技,橡胶制品,1,2019-03-29,2021-08-13,63.0,,,,
300769,德方纳米,电池,1,2019-04-15,2021-08-12,62.0,,,,
300779,惠城环保,环保行业,1,2022-04-28,2024-10-24,57.0,35.0,2022-09-05,1,
300782,卓胜微,半导体,1,2019-06-18,2019-11-13,67.0,,,,
300799,左江退,-,1,2019-10-29,2023-04-24,74.0,,,,
300803,指南针,软件开发,1,2019-11-18,2024-10-08,74.0,,,,
300811,铂科新材,小金属,1,2019-12-30,2025-08-28,65.0,,,,
300827,上能电气,光伏设备,1,2020-04-10,2021-08-10,48.0,,,,
300841,康华生物,生物制品,1,2020-06-16,2020-08-03,71.0,,,,
300850,新强联,风电设备,1,2020-07-13,2021-08-23,57.0,,,,
300857,协创数据,消费电子,1,2020-07-27,2025-03-12,59.0,,,,
300870,欧陆通,电源设备,1,2024-02-07,2025-08-22,62.0,70.0,2024-09-30,0,
300972,万辰集团,农牧饲渔,1,2022-10-10,2025-01-21,59.0,61.0,2023-02-23,1,
301004,嘉益股份,家用轻工,1,2022-04-26,2024-09-30,77.0,81.0,2022-07-21,0,
301005,超捷股份,汽车零部件,1,2022-04-28,2025-12-29,,,,,failed GET https://emweb.securities.eastmoney.com/PC_HSF10/CapitalStockStructure/PageAjax?code=SZ301005: Expecting property name enclosed in double quotes: line 1 column 2 (char 1)
301209,联合化学,化学原料,1,2024-02-07,2025-05-23,77.0,57.0,2024-05-07,0,
301377,鼎泰高科,通用设备,1,2024-02-05,2025-10-29,82.0,69.0,2024-04-01,0,
301489,思泉新材,消费电子,1,2024-02-07,2025-09-22,67.0,,,,
301550,斯菱智驱,汽车零部件,1,2024-04-16,2025-12-05,79.0,83.0,2024-10-21,0,
302132,中航成飞,航天航空,1,2019-01-02,2024-10-10,72.0,74.0,2019-02-26,1,
600039,四川路桥,工程建设,1,2020-02-04,2020-02-26,61.0,66.0,2020-03-02,1,
600066,宇通客车,汽车整车,1,2022-04-28,2024-05-06,52.0,40.0,2023-02-16,0,
600089,特变电工,电网设备,1,2020-02-03,2025-11-05,59.0,52.0,2020-03-06,0,
600096,云天化,化肥行业,1,2020-02-04,2021-06-09,47.0,39.0,2020-08-03,1,
600113,浙江东日,综合行业,1,2024-02-07,2025-08-15,87.0,80.0,2024-04-03,0,
600123,兰花科创,煤炭行业,1,2020-05-22,2022-06-08,75.0,61.0,2020-11-23,0,
600132,重庆啤酒,酿酒行业,1,2019-01-14,2021-05-14,58.0,81.0,2019-01-16,1,
600183,生益科技,电子元件,1,2019-01-04,2025-10-15,52.0,58.0,2019-01-15,1,
600188,兖矿能源,煤炭行业,1,2020-12-01,2021-03-04,46.0,45.0,2021-08-25,0,
600211,西藏药业,生物制品,1,2019-01-31,2020-07-29,82.0,87.0,2019-03-18,0,
600256,广汇能源,石油行业,1,2020-05-08,2020-05-25,80.0,67.0,2020-10-16,1,
600295,鄂尔多斯,钢铁行业,1,2019-01-03,2019-01-07,66.0,,,,
600348,华阳股份,煤炭行业,1,2020-05-22,2021-08-12,67.0,53.0,2020-07-14,0,
600399,抚顺特钢,钢铁行业,1,2019-01-11,2021-08-02,36.0,88.0,2020-01-06,0,
600418,江淮汽车,汽车整车,1,2019-01-31,2024-11-11,56.0,49.0,2019-04-09,0,
600438,通威股份,光伏设备,1,2019-01-03,2020-11-02,60.0,57.0,2019-02-14,1,
600499,科达制造,专用设备,1,2019-11-15,2021-11-23,46.0,45.0,2020-01-07,0,
600546,山煤国际,煤炭行业,1,2019-04-24,2019-07-03,53.0,39.0,2019-11-20,1,
600580,卧龙电驱,电机,1,2019-01-02,2025-09-12,71.0,60.0,2019-02-18,1,
600610,中毅达,化学原料,1,2019-01-31,2021-07-21,39.0,37.0,2019-03-20,0,
600629,华建集团,工程咨询服务,1,2022-10-28,2025-10-21,65.0,48.0,2023-04-14,0,
600702,舍得酒业,酿酒行业,1,2020-03-23,2021-05-20,80.0,86.0,2020-06-05,1,
600732,爱旭股份,光伏设备,1,2019-01-02,2022-08-10,69.0,64.0,2019-02-15,1,
600734,实达集团,互联网服务,1,2021-01-28,2022-03-14,29.0,37.0,2021-06-25,0,
600809,山西汾酒,酿酒行业,1,2019-01-03,2020-05-18,67.0,68.0,2019-03-18,1,
600845,宝信软件,互联网服务,1,2019-01-02,2021-07-29,39.0,52.0,2019-02-11,0,
600882,妙可蓝多,食品饮料,1,2019-01-31,2021-04-21,45.0,35.0,2019-02-28,1,
600971,恒源煤电,煤炭行业,1,2019-01-02,2023-11-10,95.0,76.0,2019-03-29,0,
601001,晋控煤业,煤炭行业,1,2020-04-28,2021-08-31,80.0,73.0,2020-07-03,0,
601012,隆基绿能,光伏设备,1,2019-01-02,2021-06-29,56.0,66.0,2019-01-15,0,
601058,赛轮轮胎,橡胶制品,1,2019-01-03,2021-05-26,64.0,45.0,2019-03-05,1,
601088,中国神华,煤炭行业,1,2020-03-19,2021-09-08,75.0,66.0,2020-10-12,0,
601100,恒立液压,工程机械,1,2019-01-03,2020-11-09,56.0,74.0,2019-01-07,1,
601126,四方股份,电网设备,1,2020-02-04,2021-08-12,73.0,71.0,2020-03-10,0,
601127,赛力斯,汽车整车,1,2020-04-29,2021-05-12,41.0,39.0,2020-11-16,1,
601138,工业富联,消费电子,1,2022-10-10,2025-09-18,51.0,41.0,2022-12-01,1,
601168,西部矿业,有色金属,1,2019-11-15,2024-04-18,38.0,45.0,2019-12-27,0,
601208,东材科技,塑料制品,1,2019-01-02,2025-09-22,65.0,57.0,2019-02-14,0,
601225,陕西煤业,煤炭行业,1,2019-01-16,2019-01-29,77.0,86.0,2019-03-18,1,
601567,三星医疗,电网设备,1,2019-01-30,2024-02-06,91.0,67.0,2019-09-30,0,
601633,长城汽车,汽车整车,1,2019-01-03,2020-12-28,58.0,38.0,2019-04-03,0,
601636,旗滨集团,玻璃玻纤,1,2019-08-08,2021-02-10,86.0,89.0,2019-11-04,1,
601666,平煤股份,煤炭行业,1,2019-02-22,2019-02-25,80.0,63.0,2020-03-06,1,
601689,拓普集团,汽车零部件,1,2019-08-06,2022-06-23,82.0,78.0,2019-10-28,1,
601699,潞安环能,煤炭行业,1,2020-02-04,2020-02-17,80.0,,,,
601717,中创智领,汽车零部件,1,2020-04-27,2022-07-20,69.0,58.0,2020-07-07,0,
601865,福莱特,光伏设备,1,2019-02-15,2020-06-24,74.0,,,,
601899,紫金矿业,有色金属,1,2019-01-29,2024-03-07,44.0,48.0,2019-06-25,1,
601919,中远海控,航运港口,1,2020-11-18,2020-11-20,37.0,53.0,2021-05-19,0,
603005,晶方科技,半导体,1,2019-01-31,2020-02-24,81.0,55.0,2019-07-09,0,
603009,北特科技,汽车零部件,1,2021-02-05,2025-01-15,49.0,35.0,2021-04-22,1,
603026,石大胜华,化学制品,1,2019-01-02,2021-07-02,63.0,48.0,2019-02-14,1,
603032,德新科技,电池,1,2021-02-04,2021-11-19,63.0,35.0,2021-06-16,0,
603067,振华股份,化学原料,1,2020-02-04,2025-11-05,83.0,68.0,2020-04-23,0,
603069,海汽集团,铁路公路,1,2019-10-24,2020-08-07,63.0,63.0,2019-11-01,0,
603083,剑桥科技,通信设备,1,2022-05-06,2025-08-27,59.0,41.0,2022-10-20,1,
603127,昭衍新药,医疗服务,1,2019-01-10,2021-08-04,58.0,74.0,2019-01-30,1,
603129,春风动力,交运设备,1,2019-01-02,2020-06-18,74.0,64.0,2019-03-20,1,
603179,新泉股份,汽车零部件,1,2019-08-09,2023-08-09,79.0,63.0,2019-11-11,1,
603185,弘元绿能,光伏设备,1,2019-12-02,2020-12-07,69.0,68.0,2020-02-07,1,
603198,迎驾贡酒,酿酒行业,1,2019-01-03,2021-12-08,77.0,90.0,2019-03-15,0,
603200,上海洗霸,环保行业,1,2019-12-02,2025-09-09,85.0,79.0,2020-02-21,0,
603208,江山欧派,装修建材,1,2019-01-31,2020-05-28,83.0,75.0,2019-03-18,0,
603226,菲林格尔,装修建材,1,2024-09-18,2025-09-12,51.0,39.0,2024-12-12,0,
603229,奥翔药业,化学制药,1,2019-01-31,2022-03-14,79.0,70.0,2019-10-16,1,
603260,合盛硅业,非金属材料,1,2020-04-28,2021-08-25,75.0,66.0,2020-07-10,0,
603290,斯达半导,半导体,1,2020-02-04,2020-03-05,71.0,,,,
603301,振德医疗,医疗器械,1,2019-08-07,2020-07-09,74.0,70.0,2020-01-09,0,
603345,安井食品,食品饮料,1,2019-01-03,2021-01-29,59.0,70.0,2019-03-27,0,
603360,百傲化学,农药兽药,1,2019-01-03,2024-11-06,83.0,76.0,2019-01-14,1,
603392,万泰生物,生物制品,1,2020-04-29,2020-06-03,76.0,,,,
603396,金辰股份,光伏设备,1,2019-11-28,2021-08-24,77.0,82.0,2020-01-07,0,
603399,永杉锂业,小金属,1,2021-02-08,2022-06-27,53.0,39.0,2021-08-25,0,
603444,吉比特,游戏,1,2019-01-03,2025-09-24,77.0,82.0,2019-02-18,0,
603456,九洲药业,化学制药,1,2019-01-03,2021-04-20,65.0,61.0,2019-03-11,0,
603486,科沃斯,家电行业,1,2020-04-28,2021-04-27,61.0,39.0,2020-05-22,1,
603501,豪威集团,半导体,1,2019-01-14,2021-01-06,33.0,57.0,2019-02-25,0,
603516,淳中科技,计算机设备,1,2022-04-28,2025-08-11,90.0,80.0,2022-11-18,1,
603606,东方电缆,电网设备,1,2019-01-03,2021-11-04,45.0,45.0,2019-01-04,1,
603613,国联股份,互联网服务,1,2019-07-30,2021-01-11,57.0,,,,
603667,五洲新春,通用设备,1,2021-02-04,2025-12-29,68.0,51.0,2021-05-12,0,
603688,石英股份,非金属材料,1,2019-01-03,2020-02-14,81.0,87.0,2019-02-25,1,
603699,纽威股份,通用设备,1,2022-04-26,2025-09-19,86.0,77.0,2022-11-08,0,
603737,三棵树,装修建材,1,2019-01-03,2020-07-30,70.0,69.0,2019-02-25,1,
603806,福斯特,光伏设备,1,2019-01-03,2021-07-30,50.0,69.0,2019-01-07,1,
603855,华荣股份,专用设备,1,2019-01-31,2023-03-08,71.0,64.0,2019-04-09,0,
603882,金域医学,医疗服务,1,2019-01-14,2021-01-22,52.0,52.0,2019-03-12,0,
603893,瑞芯微,半导体,1,2020-02-07,2021-06-10,71.0,,,,
603906,龙蟠科技,电池,1,2019-01-31,2021-07-21,69.0,57.0,2019-04-03,1,
603920,世运电路,电子元件,1,2019-01-31,2025-09-17,61.0,53.0,2019-04-03,0,
603929,亚翔集成,装修装饰,1,2021-02-08,2025-11-18,73.0,35.0,2021-12-21,1,
603979,金诚信,采掘行业,1,2019-01-02,2025-08-29,68.0,57.0,2019-03-06,1,
605111,新洁能,半导体,1,2020-09-28,2021-11-12,69.0,,,,
605117,德业股份,光伏设备,1,2021-04-20,2021-08-24,48.0,,,,
605255,天普股份,汽车零部件,1,2024-02-07,2025-09-19,61.0,47.0,2025-02-18,1,
605358,立昂微,半导体,1,2020-09-11,2020-10-26,71.0,,,,
688036,传音控股,消费电子,1,2019-12-04,2021-02-09,34.0,61.0,2020-11-03,0,
688068,热景生物,医疗器械,1,2021-02-05,2025-07-04,75.0,78.0,2021-04-13,0,
688109,品茗科技,软件开发,1,2024-02-07,2025-10-20,51.0,45.0,2024-04-03,0,
688183,生益电子,电子元件,1,2024-02-05,2025-08-13,73.0,45.0,2024-05-16,0,
688195,腾景科技,光学光电子,1,2022-04-28,2025-11-20,85.0,78.0,2022-08-10,0,
688202,美迪西,医疗服务,1,2019-12-06,2021-06-18,68.0,,,,
688256,寒武纪-U,半导体,1,2022-04-26,2024-11-07,36.0,30.0,2022-09-07,1,
688313,仕佳光子,通信设备,1,2024-02-07,2025-08-25,62.0,35.0,2024-10-09,0,
688368,晶丰明源,半导体,1,2019-11-11,2021-07-29,65.0,74.0,2020-11-06,0,
688399,硕世生物,医疗器械,1,2019-12-09,2020-07-06,68.0,,,,
688506,百利天恒,生物制品,1,2023-01-06,2025-06-09,24.0,,,,
688516,奥特维,光伏设备,1,2020-06-15,2022-08-10,38.0,72.0,2021-06-16,0,
688556,高测股份,光伏设备,1,2021-05-10,2022-07-07,52.0,63.0,2021-08-31,0,
688585,上纬新材,塑料制品,1,2024-02-07,2025-07-22,65.0,53.0,2024-10-08,1,
688622,禾信仪器,仪器仪表,1,2024-07-08,2025-10-30,49.0,39.0,2024-10-22,0,
688656,浩欧博,医疗器械,1,2024-02-07,2025-11-05,76.0,65.0,2024-10-08,0,
